Tempo_varreduras,Fracao_Cooperadores,Semente_Base
0.0,0.497,20242025
0.1,0.493,20242025
0.2,0.488,20242025
0.3,0.491,20242025
0.4,0.504,20242025
0.5,0.506,20242025
0.6,0.51,20242025
0.7,0.521,20242025
0.8,0.518,20242025
0.9,0.548,20242025
1.0,0.555,20242025
1.1,0.554,20242025
1.2,0.543,20242025
1.3,0.528,20242025
1.4,0.547,20242025
1.5,0.558,20242025
1.6,0.547,20242025
1.7,0.551,20242025
1.8,0.541,20242025
1.9,0.55,20242025
2.0,0.543,20242025
2.1,0.528,20242025
2.2,0.545,20242025
2.3,0.542,20242025
2.4,0.531,20242025
2.5,0.533,20242025
2.6,0.538,20242025
2.7,0.558,20242025
2.8,0.554,20242025
2.9,0.535,20242025
3.0,0.545,20242025
3.1,0.568,20242025
3.2,0.575,20242025
3.3,0.546,20242025
3.4,0.559,20242025
3.5,0.55,20242025
3.6,0.562,20242025
3.7,0.566,20242025
3.8,0.567,20242025
3.9,0.571,20242025
4.0,0.574,20242025
4.1,0.575,20242025
4.2,0.581,20242025
4.3,0.587,20242025
4.4,0.598,20242025
4.5,0.581,20242025
4.6,0.583,20242025
4.7,0.585,20242025
4.8,0.571,20242025
4.9,0.574,20242025
5.0,0.566,20242025
5.1,0.566,20242025
5.2,0.571,20242025
5.3,0.599,20242025
5.4,0.584,20242025
5.5,0.591,20242025
5.6,0.571,20242025
5.7,0.555,20242025
5.8,0.552,20242025
5.9,0.548,20242025
6.0,0.551,20242025
6.1,0.557,20242025
6.2,0.555,20242025
6.3,0.569,20242025
6.4,0.565,20242025
6.5,0.568,20242025
6.6,0.567,20242025
6.7,0.559,20242025
6.8,0.559,20242025
6.9,0.529,20242025
7.0,0.524,20242025
7.1,0.511,20242025
7.2,0.531,20242025
7.3,0.545,20242025
7.4,0.559,20242025
7.5,0.556,20242025
7.6,0.561,20242025
7.7,0.554,20242025
7.8,0.557,20242025
7.9,0.565,20242025
8.0,0.571,20242025
8.1,0.567,20242025
8.2,0.572,20242025
8.3,0.593,20242025
8.4,0.592,20242025
8.5,0.575,20242025
8.6,0.583,20242025
8.7,0.581,20242025
8.8,0.578,20242025
8.9,0.592,20242025
9.0,0.593,20242025
9.1,0.58,20242025
9.2,0.592,20242025
9.3,0.599,20242025
9.4,0.593,20242025
9.5,0.586,20242025
9.6,0.609,20242025
9.7,0.594,20242025
9.8,0.582,20242025
9.9,0.586,20242025
10.0,0.579,20242025
10.1,0.584,20242025
10.2,0.586,20242025
10.3,0.572,20242025
10.4,0.557,20242025
10.5,0.557,20242025
10.6,0.555,20242025
10.7,0.554,20242025
10.8,0.552,20242025
10.9,0.561,20242025
11.0,0.565,20242025
11.1,0.582,20242025
11.2,0.584,20242025
11.3,0.571,20242025
11.4,0.57,20242025
11.5,0.57,20242025
11.6,0.58,20242025
11.7,0.582,20242025
11.8,0.571,20242025
11.9,0.567,20242025
12.0,0.577,20242025
12.1,0.575,20242025
12.2,0.571,20242025
12.3,0.58,20242025
12.4,0.584,20242025
12.5,0.589,20242025
12.6,0.593,20242025
12.7,0.582,20242025
12.8,0.584,20242025
12.9,0.573,20242025
13.0,0.575,20242025
13.1,0.561,20242025
13.2,0.555,20242025
13.3,0.569,20242025
13.4,0.563,20242025
13.5,0.57,20242025
13.6,0.565,20242025
13.7,0.574,20242025
13.8,0.569,20242025
13.9,0.571,20242025
14.0,0.566,20242025
14.1,0.59,20242025
14.2,0.58,20242025
14.3,0.573,20242025
14.4,0.58,20242025
14.5,0.561,20242025
14.6,0.552,20242025
14.7,0.56,20242025
14.8,0.552,20242025
14.9,0.536,20242025
15.0,0.524,20242025
15.1,0.535,20242025
15.2,0.542,20242025
15.3,0.554,20242025
15.4,0.531,20242025
15.5,0.547,20242025
15.6,0.553,20242025
15.7,0.547,20242025
15.8,0.542,20242025
15.9,0.536,20242025
16.0,0.544,20242025
16.1,0.557,20242025
16.2,0.566,20242025
16.3,0.581,20242025
16.4,0.587,20242025
16.5,0.577,20242025
16.6,0.584,20242025
16.7,0.595,20242025
16.8,0.597,20242025
16.9,0.619,20242025
17.0,0.632,20242025
17.1,0.645,20242025
17.2,0.64,20242025
17.3,0.626,20242025
17.4,0.626,20242025
17.5,0.632,20242025
17.6,0.618,20242025
17.7,0.604,20242025
17.8,0.586,20242025
17.9,0.578,20242025
18.0,0.567,20242025
18.1,0.567,20242025
18.2,0.573,20242025
18.3,0.581,20242025
18.4,0.583,20242025
18.5,0.609,20242025
18.6,0.616,20242025
18.7,0.61,20242025
18.8,0.602,20242025
18.9,0.607,20242025
19.0,0.595,20242025
19.1,0.593,20242025
19.2,0.588,20242025
19.3,0.586,20242025
19.4,0.59,20242025
19.5,0.595,20242025
19.6,0.585,20242025
19.7,0.592,20242025
19.8,0.588,20242025
19.9,0.597,20242025
20.0,0.573,20242025
20.1,0.569,20242025
20.2,0.562,20242025
20.3,0.588,20242025
20.4,0.587,20242025
20.5,0.589,20242025
20.6,0.565,20242025
20.7,0.564,20242025
20.8,0.574,20242025
20.9,0.569,20242025
21.0,0.569,20242025
21.1,0.565,20242025
21.2,0.562,20242025
21.3,0.57,20242025
21.4,0.588,20242025
21.5,0.592,20242025
21.6,0.591,20242025
21.7,0.594,20242025
21.8,0.597,20242025
21.9,0.59,20242025
22.0,0.588,20242025
22.1,0.594,20242025
22.2,0.603,20242025
22.3,0.6,20242025
22.4,0.601,20242025
22.5,0.594,20242025
22.6,0.572,20242025
22.7,0.586,20242025
22.8,0.587,20242025
22.9,0.586,20242025
23.0,0.594,20242025
23.1,0.588,20242025
23.2,0.591,20242025
23.3,0.574,20242025
23.4,0.585,20242025
23.5,0.587,20242025
23.6,0.572,20242025
23.7,0.576,20242025
23.8,0.569,20242025
23.9,0.561,20242025
24.0,0.562,20242025
24.1,0.555,20242025
24.2,0.56,20242025
24.3,0.574,20242025
24.4,0.588,20242025
24.5,0.6,20242025
24.6,0.597,20242025
24.7,0.604,20242025
24.8,0.612,20242025
24.9,0.594,20242025
25.0,0.588,20242025
25.1,0.581,20242025
25.2,0.582,20242025
25.3,0.592,20242025
25.4,0.594,20242025
25.5,0.607,20242025
25.6,0.596,20242025
25.7,0.601,20242025
25.8,0.598,20242025
25.9,0.611,20242025
26.0,0.588,20242025
26.1,0.58,20242025
26.2,0.572,20242025
26.3,0.578,20242025
26.4,0.573,20242025
26.5,0.567,20242025
26.6,0.562,20242025
26.7,0.56,20242025
26.8,0.568,20242025
26.9,0.564,20242025
27.0,0.579,20242025
27.1,0.564,20242025
27.2,0.566,20242025
27.3,0.573,20242025
27.4,0.575,20242025
27.5,0.577,20242025
27.6,0.572,20242025
27.7,0.561,20242025
27.8,0.564,20242025
27.9,0.546,20242025
28.0,0.55,20242025
28.1,0.55,20242025
28.2,0.543,20242025
28.3,0.552,20242025
28.4,0.567,20242025
28.5,0.558,20242025
28.6,0.572,20242025
28.7,0.565,20242025
28.8,0.554,20242025
28.9,0.555,20242025
29.0,0.562,20242025
29.1,0.586,20242025
29.2,0.574,20242025
29.3,0.572,20242025
29.4,0.564,20242025
29.5,0.555,20242025
29.6,0.558,20242025
29.7,0.539,20242025
29.8,0.551,20242025
29.9,0.555,20242025
30.0,0.575,20242025
30.1,0.562,20242025
30.2,0.574,20242025
30.3,0.587,20242025
30.4,0.588,20242025
30.5,0.555,20242025
30.6,0.565,20242025
30.7,0.56,20242025
30.8,0.558,20242025
30.9,0.579,20242025
31.0,0.577,20242025
31.1,0.589,20242025
31.2,0.594,20242025
31.3,0.592,20242025
31.4,0.6,20242025
31.5,0.597,20242025
31.6,0.569,20242025
31.7,0.564,20242025
31.8,0.565,20242025
31.9,0.541,20242025
32.0,0.512,20242025
32.1,0.533,20242025
32.2,0.542,20242025
32.3,0.54,20242025
32.4,0.549,20242025
32.5,0.557,20242025
32.6,0.535,20242025
32.7,0.54,20242025
32.8,0.544,20242025
32.9,0.55,20242025
33.0,0.562,20242025
33.1,0.567,20242025
33.2,0.565,20242025
33.3,0.564,20242025
33.4,0.56,20242025
33.5,0.556,20242025
33.6,0.553,20242025
33.7,0.555,20242025
33.8,0.557,20242025
33.9,0.549,20242025
34.0,0.548,20242025
34.1,0.563,20242025
34.2,0.548,20242025
34.3,0.553,20242025
34.4,0.558,20242025
34.5,0.554,20242025
34.6,0.531,20242025
34.7,0.534,20242025
34.8,0.533,20242025
34.9,0.541,20242025
35.0,0.552,20242025
35.1,0.579,20242025
35.2,0.575,20242025
35.3,0.565,20242025
35.4,0.571,20242025
35.5,0.57,20242025
35.6,0.573,20242025
35.7,0.568,20242025
35.8,0.553,20242025
35.9,0.564,20242025
36.0,0.554,20242025
36.1,0.566,20242025
36.2,0.556,20242025
36.3,0.557,20242025
36.4,0.566,20242025
36.5,0.551,20242025
36.6,0.554,20242025
36.7,0.552,20242025
36.8,0.549,20242025
36.9,0.546,20242025
37.0,0.547,20242025
37.1,0.566,20242025
37.2,0.557,20242025
37.3,0.576,20242025
37.4,0.582,20242025
37.5,0.584,20242025
37.6,0.583,20242025
37.7,0.584,20242025
37.8,0.595,20242025
37.9,0.57,20242025
38.0,0.583,20242025
38.1,0.561,20242025
38.2,0.561,20242025
38.3,0.569,20242025
38.4,0.57,20242025
38.5,0.578,20242025
38.6,0.575,20242025
38.7,0.578,20242025
38.8,0.576,20242025
38.9,0.568,20242025
39.0,0.583,20242025
39.1,0.588,20242025
39.2,0.584,20242025
39.3,0.595,20242025
39.4,0.583,20242025
39.5,0.602,20242025
39.6,0.596,20242025
39.7,0.597,20242025
39.8,0.592,20242025
39.9,0.594,20242025
40.0,0.587,20242025
40.1,0.586,20242025
40.2,0.573,20242025
40.3,0.586,20242025
40.4,0.58,20242025
40.5,0.582,20242025
40.6,0.59,20242025
40.7,0.576,20242025
40.8,0.567,20242025
40.9,0.564,20242025
41.0,0.576,20242025
41.1,0.588,20242025
41.2,0.595,20242025
41.3,0.604,20242025
41.4,0.6,20242025
41.5,0.601,20242025
41.6,0.593,20242025
41.7,0.599,20242025
41.8,0.601,20242025
41.9,0.58,20242025
42.0,0.598,20242025
42.1,0.581,20242025
42.2,0.58,20242025
42.3,0.597,20242025
42.4,0.577,20242025
42.5,0.581,20242025
42.6,0.593,20242025
42.7,0.592,20242025
42.8,0.59,20242025
42.9,0.592,20242025
43.0,0.58,20242025
43.1,0.604,20242025
43.2,0.59,20242025
43.3,0.587,20242025
43.4,0.591,20242025
43.5,0.593,20242025
43.6,0.598,20242025
43.7,0.59,20242025
43.8,0.565,20242025
43.9,0.575,20242025
44.0,0.568,20242025
44.1,0.576,20242025
44.2,0.576,20242025
44.3,0.577,20242025
44.4,0.571,20242025
44.5,0.589,20242025
44.6,0.58,20242025
44.7,0.574,20242025
44.8,0.571,20242025
44.9,0.586,20242025
45.0,0.576,20242025
45.1,0.57,20242025
45.2,0.577,20242025
45.3,0.574,20242025
45.4,0.558,20242025
45.5,0.575,20242025
45.6,0.586,20242025
45.7,0.584,20242025
45.8,0.6,20242025
45.9,0.596,20242025
46.0,0.592,20242025
46.1,0.591,20242025
46.2,0.584,20242025
46.3,0.587,20242025
46.4,0.591,20242025
46.5,0.598,20242025
46.6,0.578,20242025
46.7,0.561,20242025
46.8,0.566,20242025
46.9,0.575,20242025
47.0,0.572,20242025
47.1,0.581,20242025
47.2,0.595,20242025
47.3,0.6,20242025
47.4,0.59,20242025
47.5,0.596,20242025
47.6,0.6,20242025
47.7,0.571,20242025
47.8,0.589,20242025
47.9,0.588,20242025
48.0,0.588,20242025
48.1,0.58,20242025
48.2,0.578,20242025
48.3,0.574,20242025
48.4,0.579,20242025
48.5,0.576,20242025
48.6,0.567,20242025
48.7,0.571,20242025
48.8,0.562,20242025
48.9,0.568,20242025
49.0,0.575,20242025
49.1,0.563,20242025
49.2,0.562,20242025
49.3,0.565,20242025
49.4,0.572,20242025
49.5,0.588,20242025
49.6,0.589,20242025
49.7,0.592,20242025
49.8,0.596,20242025
49.9,0.595,20242025
50.0,0.604,20242025
50.1,0.598,20242025
50.2,0.589,20242025
50.3,0.605,20242025
50.4,0.592,20242025
50.5,0.586,20242025
50.6,0.564,20242025
50.7,0.567,20242025
50.8,0.57,20242025
50.9,0.562,20242025
51.0,0.575,20242025
51.1,0.583,20242025
51.2,0.59,20242025
51.3,0.581,20242025
51.4,0.56,20242025
51.5,0.542,20242025
51.6,0.548,20242025
51.7,0.552,20242025
51.8,0.54,20242025
51.9,0.556,20242025
52.0,0.575,20242025
52.1,0.578,20242025
52.2,0.577,20242025
52.3,0.572,20242025
52.4,0.576,20242025
52.5,0.57,20242025
52.6,0.575,20242025
52.7,0.568,20242025
52.8,0.561,20242025
52.9,0.558,20242025
53.0,0.568,20242025
53.1,0.575,20242025
53.2,0.576,20242025
53.3,0.577,20242025
53.4,0.577,20242025
53.5,0.568,20242025
53.6,0.569,20242025
53.7,0.579,20242025
53.8,0.587,20242025
53.9,0.607,20242025
54.0,0.604,20242025
54.1,0.602,20242025
54.2,0.599,20242025
54.3,0.598,20242025
54.4,0.59,20242025
54.5,0.599,20242025
54.6,0.598,20242025
54.7,0.595,20242025
54.8,0.602,20242025
54.9,0.591,20242025
55.0,0.598,20242025
55.1,0.597,20242025
55.2,0.58,20242025
55.3,0.571,20242025
55.4,0.569,20242025
55.5,0.539,20242025
55.6,0.537,20242025
55.7,0.556,20242025
55.8,0.579,20242025
55.9,0.575,20242025
56.0,0.583,20242025
56.1,0.589,20242025
56.2,0.595,20242025
56.3,0.609,20242025
56.4,0.594,20242025
56.5,0.587,20242025
56.6,0.59,20242025
56.7,0.585,20242025
56.8,0.586,20242025
56.9,0.585,20242025
57.0,0.599,20242025
57.1,0.582,20242025
57.2,0.565,20242025
57.3,0.583,20242025
57.4,0.587,20242025
57.5,0.577,20242025
57.6,0.588,20242025
57.7,0.585,20242025
57.8,0.587,20242025
57.9,0.588,20242025
58.0,0.581,20242025
58.1,0.576,20242025
58.2,0.602,20242025
58.3,0.572,20242025
58.4,0.571,20242025
58.5,0.569,20242025
58.6,0.562,20242025
58.7,0.572,20242025
58.8,0.584,20242025
58.9,0.593,20242025
59.0,0.59,20242025
59.1,0.6,20242025
59.2,0.583,20242025
59.3,0.59,20242025
59.4,0.595,20242025
59.5,0.581,20242025
59.6,0.581,20242025
59.7,0.594,20242025
59.8,0.599,20242025
59.9,0.613,20242025
60.0,0.59,20242025
60.1,0.572,20242025
60.2,0.6,20242025
60.3,0.583,20242025
60.4,0.578,20242025
60.5,0.574,20242025
60.6,0.565,20242025
60.7,0.56,20242025
60.8,0.565,20242025
60.9,0.567,20242025
61.0,0.575,20242025
61.1,0.564,20242025
61.2,0.568,20242025
61.3,0.568,20242025
61.4,0.562,20242025
61.5,0.565,20242025
61.6,0.564,20242025
61.7,0.578,20242025
61.8,0.568,20242025
61.9,0.572,20242025
62.0,0.589,20242025
62.1,0.584,20242025
62.2,0.6,20242025
62.3,0.609,20242025
62.4,0.617,20242025
62.5,0.612,20242025
62.6,0.599,20242025
62.7,0.591,20242025
62.8,0.585,20242025
62.9,0.59,20242025
63.0,0.567,20242025
63.1,0.564,20242025
63.2,0.566,20242025
63.3,0.56,20242025
63.4,0.56,20242025
63.5,0.559,20242025
63.6,0.564,20242025
63.7,0.556,20242025
63.8,0.551,20242025
63.9,0.569,20242025
64.0,0.569,20242025
64.1,0.584,20242025
64.2,0.574,20242025
64.3,0.575,20242025
64.4,0.567,20242025
64.5,0.571,20242025
64.6,0.565,20242025
64.7,0.57,20242025
64.8,0.584,20242025
64.9,0.58,20242025
65.0,0.591,20242025
65.1,0.619,20242025
65.2,0.609,20242025
65.3,0.624,20242025
65.4,0.62,20242025
65.5,0.617,20242025
65.6,0.611,20242025
65.7,0.607,20242025
65.8,0.597,20242025
65.9,0.597,20242025
66.0,0.586,20242025
66.1,0.579,20242025
66.2,0.577,20242025
66.3,0.588,20242025
66.4,0.603,20242025
66.5,0.619,20242025
66.6,0.592,20242025
66.7,0.595,20242025
66.8,0.58,20242025
66.9,0.596,20242025
67.0,0.601,20242025
67.1,0.599,20242025
67.2,0.599,20242025
67.3,0.595,20242025
67.4,0.578,20242025
67.5,0.576,20242025
67.6,0.567,20242025
67.7,0.59,20242025
67.8,0.579,20242025
67.9,0.589,20242025
68.0,0.589,20242025
68.1,0.581,20242025
68.2,0.587,20242025
68.3,0.607,20242025
68.4,0.604,20242025
68.5,0.586,20242025
68.6,0.6,20242025
68.7,0.61,20242025
68.8,0.596,20242025
68.9,0.585,20242025
69.0,0.578,20242025
69.1,0.586,20242025
69.2,0.61,20242025
69.3,0.609,20242025
69.4,0.596,20242025
69.5,0.581,20242025
69.6,0.586,20242025
69.7,0.568,20242025
69.8,0.58,20242025
69.9,0.584,20242025
70.0,0.589,20242025
70.1,0.592,20242025
70.2,0.593,20242025
70.3,0.568,20242025
70.4,0.571,20242025
70.5,0.565,20242025
70.6,0.552,20242025
70.7,0.549,20242025
70.8,0.54,20242025
70.9,0.546,20242025
71.0,0.559,20242025
71.1,0.573,20242025
71.2,0.582,20242025
71.3,0.591,20242025
71.4,0.591,20242025
71.5,0.587,20242025
71.6,0.582,20242025
71.7,0.582,20242025
71.8,0.578,20242025
71.9,0.585,20242025
72.0,0.591,20242025
72.1,0.615,20242025
72.2,0.603,20242025
72.3,0.6,20242025
72.4,0.606,20242025
72.5,0.611,20242025
72.6,0.61,20242025
72.7,0.614,20242025
72.8,0.609,20242025
72.9,0.613,20242025
73.0,0.609,20242025
73.1,0.613,20242025
73.2,0.6,20242025
73.3,0.606,20242025
73.4,0.614,20242025
73.5,0.606,20242025
73.6,0.601,20242025
73.7,0.594,20242025
73.8,0.599,20242025
73.9,0.594,20242025
74.0,0.569,20242025
74.1,0.558,20242025
74.2,0.56,20242025
74.3,0.572,20242025
74.4,0.578,20242025
74.5,0.575,20242025
74.6,0.572,20242025
74.7,0.564,20242025
74.8,0.573,20242025
74.9,0.563,20242025
75.0,0.571,20242025
75.1,0.56,20242025
75.2,0.57,20242025
75.3,0.563,20242025
75.4,0.563,20242025
75.5,0.57,20242025
75.6,0.581,20242025
75.7,0.575,20242025
75.8,0.58,20242025
75.9,0.596,20242025
76.0,0.599,20242025
76.1,0.601,20242025
76.2,0.606,20242025
76.3,0.597,20242025
76.4,0.6,20242025
76.5,0.573,20242025
76.6,0.575,20242025
76.7,0.587,20242025
76.8,0.589,20242025
76.9,0.599,20242025
77.0,0.59,20242025
77.1,0.584,20242025
77.2,0.59,20242025
77.3,0.591,20242025
77.4,0.605,20242025
77.5,0.604,20242025
77.6,0.584,20242025
77.7,0.568,20242025
77.8,0.578,20242025
77.9,0.567,20242025
78.0,0.559,20242025
78.1,0.553,20242025
78.2,0.555,20242025
78.3,0.571,20242025
78.4,0.573,20242025
78.5,0.566,20242025
78.6,0.557,20242025
78.7,0.56,20242025
78.8,0.574,20242025
78.9,0.581,20242025
79.0,0.553,20242025
79.1,0.546,20242025
79.2,0.552,20242025
79.3,0.544,20242025
79.4,0.56,20242025
79.5,0.556,20242025
79.6,0.576,20242025
79.7,0.588,20242025
79.8,0.585,20242025
79.9,0.581,20242025
80.0,0.562,20242025
80.1,0.562,20242025
80.2,0.575,20242025
80.3,0.579,20242025
80.4,0.567,20242025
80.5,0.562,20242025
80.6,0.554,20242025
80.7,0.549,20242025
80.8,0.535,20242025
80.9,0.55,20242025
81.0,0.568,20242025
81.1,0.571,20242025
81.2,0.559,20242025
81.3,0.546,20242025
81.4,0.543,20242025
81.5,0.528,20242025
81.6,0.522,20242025
81.7,0.529,20242025
81.8,0.541,20242025
81.9,0.541,20242025
82.0,0.545,20242025
82.1,0.551,20242025
82.2,0.554,20242025
82.3,0.556,20242025
82.4,0.547,20242025
82.5,0.562,20242025
82.6,0.561,20242025
82.7,0.559,20242025
82.8,0.556,20242025
82.9,0.549,20242025
83.0,0.545,20242025
83.1,0.563,20242025
83.2,0.558,20242025
83.3,0.558,20242025
83.4,0.544,20242025
83.5,0.559,20242025
83.6,0.569,20242025
83.7,0.557,20242025
83.8,0.578,20242025
83.9,0.577,20242025
84.0,0.56,20242025
84.1,0.555,20242025
84.2,0.556,20242025
84.3,0.545,20242025
84.4,0.546,20242025
84.5,0.54,20242025
84.6,0.552,20242025
84.7,0.541,20242025
84.8,0.542,20242025
84.9,0.557,20242025
85.0,0.566,20242025
85.1,0.563,20242025
85.2,0.574,20242025
85.3,0.539,20242025
85.4,0.549,20242025
85.5,0.561,20242025
85.6,0.543,20242025
85.7,0.535,20242025
85.8,0.534,20242025
85.9,0.539,20242025
86.0,0.532,20242025
86.1,0.531,20242025
86.2,0.543,20242025
86.3,0.544,20242025
86.4,0.555,20242025
86.5,0.542,20242025
86.6,0.528,20242025
86.7,0.546,20242025
86.8,0.563,20242025
86.9,0.584,20242025
87.0,0.581,20242025
87.1,0.592,20242025
87.2,0.607,20242025
87.3,0.605,20242025
87.4,0.602,20242025
87.5,0.607,20242025
87.6,0.602,20242025
87.7,0.603,20242025
87.8,0.615,20242025
87.9,0.625,20242025
88.0,0.619,20242025
88.1,0.614,20242025
88.2,0.601,20242025
88.3,0.61,20242025
88.4,0.592,20242025
88.5,0.594,20242025
88.6,0.578,20242025
88.7,0.569,20242025
88.8,0.576,20242025
88.9,0.572,20242025
89.0,0.57,20242025
89.1,0.577,20242025
89.2,0.587,20242025
89.3,0.581,20242025
89.4,0.575,20242025
89.5,0.575,20242025
89.6,0.576,20242025
89.7,0.562,20242025
89.8,0.556,20242025
89.9,0.572,20242025
90.0,0.585,20242025
90.1,0.572,20242025
90.2,0.563,20242025
90.3,0.556,20242025
90.4,0.564,20242025
90.5,0.561,20242025
90.6,0.571,20242025
90.7,0.571,20242025
90.8,0.572,20242025
90.9,0.576,20242025
91.0,0.59,20242025
91.1,0.573,20242025
91.2,0.551,20242025
91.3,0.539,20242025
91.4,0.561,20242025
91.5,0.574,20242025
91.6,0.569,20242025
91.7,0.556,20242025
91.8,0.543,20242025
91.9,0.548,20242025
92.0,0.545,20242025
92.1,0.536,20242025
92.2,0.526,20242025
92.3,0.514,20242025
92.4,0.526,20242025
92.5,0.54,20242025
92.6,0.541,20242025
92.7,0.531,20242025
92.8,0.539,20242025
92.9,0.547,20242025
93.0,0.55,20242025
93.1,0.558,20242025
93.2,0.562,20242025
93.3,0.557,20242025
93.4,0.565,20242025
93.5,0.558,20242025
93.6,0.552,20242025
93.7,0.558,20242025
93.8,0.556,20242025
93.9,0.574,20242025
94.0,0.583,20242025
94.1,0.574,20242025
94.2,0.589,20242025
94.3,0.594,20242025
94.4,0.59,20242025
94.5,0.594,20242025
94.6,0.603,20242025
94.7,0.589,20242025
94.8,0.579,20242025
94.9,0.582,20242025
95.0,0.583,20242025
95.1,0.578,20242025
95.2,0.587,20242025
95.3,0.587,20242025
95.4,0.59,20242025
95.5,0.593,20242025
95.6,0.582,20242025
95.7,0.549,20242025
95.8,0.552,20242025
95.9,0.557,20242025
96.0,0.554,20242025
96.1,0.56,20242025
96.2,0.561,20242025
96.3,0.568,20242025
96.4,0.577,20242025
96.5,0.578,20242025
96.6,0.579,20242025
96.7,0.598,20242025
96.8,0.596,20242025
96.9,0.602,20242025
97.0,0.589,20242025
97.1,0.578,20242025
97.2,0.581,20242025
97.3,0.592,20242025
97.4,0.576,20242025
97.5,0.57,20242025
97.6,0.576,20242025
97.7,0.562,20242025
97.8,0.581,20242025
97.9,0.593,20242025
98.0,0.588,20242025
98.1,0.585,20242025
98.2,0.601,20242025
98.3,0.589,20242025
98.4,0.587,20242025
98.5,0.599,20242025
98.6,0.609,20242025
98.7,0.617,20242025
98.8,0.62,20242025
98.9,0.625,20242025
99.0,0.618,20242025
99.1,0.597,20242025
99.2,0.596,20242025
99.3,0.587,20242025
99.4,0.593,20242025
99.5,0.592,20242025
99.6,0.582,20242025
99.7,0.558,20242025
99.8,0.564,20242025
99.9,0.566,20242025
100.0,0.566,20242025
100.1,0.557,20242025
100.2,0.568,20242025
100.3,0.571,20242025
100.4,0.557,20242025
100.5,0.551,20242025
100.6,0.543,20242025
100.7,0.551,20242025
100.8,0.574,20242025
100.9,0.569,20242025
101.0,0.569,20242025
101.1,0.578,20242025
101.2,0.591,20242025
101.3,0.589,20242025
101.4,0.574,20242025
101.5,0.567,20242025
101.6,0.554,20242025
101.7,0.541,20242025
101.8,0.556,20242025
101.9,0.564,20242025
102.0,0.567,20242025
102.1,0.559,20242025
102.2,0.585,20242025
102.3,0.587,20242025
102.4,0.58,20242025
102.5,0.593,20242025
102.6,0.592,20242025
102.7,0.583,20242025
102.8,0.581,20242025
102.9,0.569,20242025
103.0,0.57,20242025
103.1,0.556,20242025
103.2,0.554,20242025
103.3,0.547,20242025
103.4,0.546,20242025
103.5,0.548,20242025
103.6,0.547,20242025
103.7,0.553,20242025
103.8,0.56,20242025
103.9,0.554,20242025
104.0,0.556,20242025
104.1,0.563,20242025
104.2,0.583,20242025
104.3,0.563,20242025
104.4,0.578,20242025
104.5,0.57,20242025
104.6,0.584,20242025
104.7,0.577,20242025
104.8,0.577,20242025
104.9,0.587,20242025
105.0,0.597,20242025
105.1,0.593,20242025
105.2,0.592,20242025
105.3,0.581,20242025
105.4,0.566,20242025
105.5,0.564,20242025
105.6,0.553,20242025
105.7,0.552,20242025
105.8,0.562,20242025
105.9,0.563,20242025
106.0,0.552,20242025
106.1,0.564,20242025
106.2,0.562,20242025
106.3,0.56,20242025
106.4,0.552,20242025
106.5,0.545,20242025
106.6,0.571,20242025
106.7,0.577,20242025
106.8,0.584,20242025
106.9,0.585,20242025
107.0,0.613,20242025
107.1,0.594,20242025
107.2,0.597,20242025
107.3,0.575,20242025
107.4,0.587,20242025
107.5,0.575,20242025
107.6,0.597,20242025
107.7,0.588,20242025
107.8,0.578,20242025
107.9,0.58,20242025
108.0,0.582,20242025
108.1,0.585,20242025
108.2,0.575,20242025
108.3,0.567,20242025
108.4,0.579,20242025
108.5,0.577,20242025
108.6,0.58,20242025
108.7,0.573,20242025
108.8,0.553,20242025
108.9,0.562,20242025
109.0,0.579,20242025
109.1,0.58,20242025
109.2,0.586,20242025
109.3,0.601,20242025
109.4,0.603,20242025
109.5,0.59,20242025
109.6,0.565,20242025
109.7,0.562,20242025
109.8,0.56,20242025
109.9,0.55,20242025
110.0,0.565,20242025
110.1,0.561,20242025
110.2,0.567,20242025
110.3,0.575,20242025
110.4,0.57,20242025
110.5,0.554,20242025
110.6,0.542,20242025
110.7,0.555,20242025
110.8,0.539,20242025
110.9,0.534,20242025
111.0,0.54,20242025
111.1,0.551,20242025
111.2,0.552,20242025
111.3,0.551,20242025
111.4,0.542,20242025
111.5,0.555,20242025
111.6,0.552,20242025
111.7,0.536,20242025
111.8,0.543,20242025
111.9,0.551,20242025
112.0,0.576,20242025
112.1,0.58,20242025
112.2,0.588,20242025
112.3,0.574,20242025
112.4,0.562,20242025
112.5,0.586,20242025
112.6,0.581,20242025
112.7,0.581,20242025
112.8,0.587,20242025
112.9,0.565,20242025
113.0,0.577,20242025
113.1,0.598,20242025
113.2,0.603,20242025
113.3,0.587,20242025
113.4,0.582,20242025
113.5,0.6,20242025
113.6,0.575,20242025
113.7,0.564,20242025
113.8,0.565,20242025
113.9,0.571,20242025
114.0,0.566,20242025
114.1,0.568,20242025
114.2,0.56,20242025
114.3,0.545,20242025
114.4,0.544,20242025
114.5,0.535,20242025
114.6,0.533,20242025
114.7,0.537,20242025
114.8,0.527,20242025
114.9,0.529,20242025
115.0,0.52,20242025
115.1,0.507,20242025
115.2,0.513,20242025
115.3,0.519,20242025
115.4,0.525,20242025
115.5,0.539,20242025
115.6,0.557,20242025
115.7,0.561,20242025
115.8,0.565,20242025
115.9,0.549,20242025
116.0,0.524,20242025
116.1,0.535,20242025
116.2,0.56,20242025
116.3,0.58,20242025
116.4,0.575,20242025
116.5,0.574,20242025
116.6,0.579,20242025
116.7,0.57,20242025
116.8,0.584,20242025
116.9,0.581,20242025
117.0,0.602,20242025
117.1,0.593,20242025
117.2,0.598,20242025
117.3,0.582,20242025
117.4,0.57,20242025
117.5,0.555,20242025
117.6,0.551,20242025
117.7,0.552,20242025
117.8,0.549,20242025
117.9,0.547,20242025
118.0,0.562,20242025
118.1,0.574,20242025
118.2,0.566,20242025
118.3,0.576,20242025
118.4,0.579,20242025
118.5,0.584,20242025
118.6,0.595,20242025
118.7,0.574,20242025
118.8,0.571,20242025
118.9,0.567,20242025
119.0,0.548,20242025
119.1,0.548,20242025
119.2,0.566,20242025
119.3,0.575,20242025
119.4,0.552,20242025
119.5,0.544,20242025
119.6,0.545,20242025
119.7,0.546,20242025
119.8,0.552,20242025
119.9,0.576,20242025
120.0,0.588,20242025
120.1,0.578,20242025
120.2,0.569,20242025
120.3,0.562,20242025
120.4,0.579,20242025
120.5,0.589,20242025
120.6,0.591,20242025
120.7,0.6,20242025
120.8,0.592,20242025
120.9,0.589,20242025
121.0,0.561,20242025
121.1,0.573,20242025
121.2,0.576,20242025
121.3,0.571,20242025
121.4,0.57,20242025
121.5,0.572,20242025
121.6,0.566,20242025
121.7,0.55,20242025
121.8,0.554,20242025
121.9,0.55,20242025
122.0,0.556,20242025
122.1,0.557,20242025
122.2,0.566,20242025
122.3,0.564,20242025
122.4,0.564,20242025
122.5,0.561,20242025
122.6,0.555,20242025
122.7,0.548,20242025
122.8,0.566,20242025
122.9,0.563,20242025
123.0,0.572,20242025
123.1,0.557,20242025
123.2,0.578,20242025
123.3,0.57,20242025
123.4,0.565,20242025
123.5,0.56,20242025
123.6,0.56,20242025
123.7,0.574,20242025
123.8,0.576,20242025
123.9,0.551,20242025
124.0,0.539,20242025
124.1,0.557,20242025
124.2,0.558,20242025
124.3,0.556,20242025
124.4,0.553,20242025
124.5,0.554,20242025
124.6,0.585,20242025
124.7,0.576,20242025
124.8,0.593,20242025
124.9,0.584,20242025
125.0,0.579,20242025
125.1,0.591,20242025
125.2,0.594,20242025
125.3,0.587,20242025
125.4,0.612,20242025
125.5,0.615,20242025
125.6,0.598,20242025
125.7,0.594,20242025
125.8,0.598,20242025
125.9,0.575,20242025
126.0,0.588,20242025
126.1,0.575,20242025
126.2,0.588,20242025
126.3,0.572,20242025
126.4,0.585,20242025
126.5,0.583,20242025
126.6,0.572,20242025
126.7,0.593,20242025
126.8,0.6,20242025
126.9,0.602,20242025
127.0,0.604,20242025
127.1,0.598,20242025
127.2,0.589,20242025
127.3,0.599,20242025
127.4,0.582,20242025
127.5,0.587,20242025
127.6,0.601,20242025
127.7,0.612,20242025
127.8,0.605,20242025
127.9,0.607,20242025
128.0,0.58,20242025
128.1,0.593,20242025
128.2,0.601,20242025
128.3,0.589,20242025
128.4,0.572,20242025
128.5,0.578,20242025
128.6,0.559,20242025
128.7,0.56,20242025
128.8,0.544,20242025
128.9,0.564,20242025
129.0,0.574,20242025
129.1,0.578,20242025
129.2,0.56,20242025
129.3,0.558,20242025
129.4,0.566,20242025
129.5,0.582,20242025
129.6,0.573,20242025
129.7,0.565,20242025
129.8,0.565,20242025
129.9,0.565,20242025
130.0,0.559,20242025
130.1,0.551,20242025
130.2,0.534,20242025
130.3,0.553,20242025
130.4,0.55,20242025
130.5,0.56,20242025
130.6,0.577,20242025
130.7,0.576,20242025
130.8,0.558,20242025
130.9,0.553,20242025
131.0,0.559,20242025
131.1,0.568,20242025
131.2,0.573,20242025
131.3,0.581,20242025
131.4,0.56,20242025
131.5,0.554,20242025
131.6,0.558,20242025
131.7,0.552,20242025
131.8,0.548,20242025
131.9,0.553,20242025
132.0,0.544,20242025
132.1,0.536,20242025
132.2,0.541,20242025
132.3,0.537,20242025
132.4,0.527,20242025
132.5,0.521,20242025
132.6,0.527,20242025
132.7,0.537,20242025
132.8,0.555,20242025
132.9,0.551,20242025
133.0,0.541,20242025
133.1,0.544,20242025
133.2,0.573,20242025
133.3,0.567,20242025
133.4,0.576,20242025
133.5,0.573,20242025
133.6,0.577,20242025
133.7,0.572,20242025
133.8,0.554,20242025
133.9,0.559,20242025
134.0,0.551,20242025
134.1,0.551,20242025
134.2,0.543,20242025
134.3,0.546,20242025
134.4,0.548,20242025
134.5,0.538,20242025
134.6,0.543,20242025
134.7,0.544,20242025
134.8,0.56,20242025
134.9,0.554,20242025
135.0,0.539,20242025
135.1,0.523,20242025
135.2,0.538,20242025
135.3,0.535,20242025
135.4,0.538,20242025
135.5,0.528,20242025
135.6,0.528,20242025
135.7,0.541,20242025
135.8,0.528,20242025
135.9,0.522,20242025
136.0,0.518,20242025
136.1,0.515,20242025
136.2,0.527,20242025
136.3,0.54,20242025
136.4,0.533,20242025
136.5,0.538,20242025
136.6,0.547,20242025
136.7,0.551,20242025
136.8,0.559,20242025
136.9,0.554,20242025
137.0,0.556,20242025
137.1,0.556,20242025
137.2,0.571,20242025
137.3,0.582,20242025
137.4,0.579,20242025
137.5,0.583,20242025
137.6,0.594,20242025
137.7,0.577,20242025
137.8,0.571,20242025
137.9,0.565,20242025
138.0,0.58,20242025
138.1,0.58,20242025
138.2,0.577,20242025
138.3,0.573,20242025
138.4,0.556,20242025
138.5,0.556,20242025
138.6,0.55,20242025
138.7,0.559,20242025
138.8,0.56,20242025
138.9,0.558,20242025
139.0,0.568,20242025
139.1,0.57,20242025
139.2,0.57,20242025
139.3,0.574,20242025
139.4,0.562,20242025
139.5,0.552,20242025
139.6,0.539,20242025
139.7,0.547,20242025
139.8,0.538,20242025
139.9,0.525,20242025
140.0,0.518,20242025
140.1,0.528,20242025
140.2,0.558,20242025
140.3,0.553,20242025
140.4,0.539,20242025
140.5,0.55,20242025
140.6,0.532,20242025
140.7,0.549,20242025
140.8,0.548,20242025
140.9,0.559,20242025
141.0,0.552,20242025
141.1,0.542,20242025
141.2,0.542,20242025
141.3,0.56,20242025
141.4,0.553,20242025
141.5,0.557,20242025
141.6,0.549,20242025
141.7,0.551,20242025
141.8,0.545,20242025
141.9,0.542,20242025
142.0,0.553,20242025
142.1,0.568,20242025
142.2,0.571,20242025
142.3,0.57,20242025
142.4,0.563,20242025
142.5,0.558,20242025
142.6,0.553,20242025
142.7,0.552,20242025
142.8,0.546,20242025
142.9,0.54,20242025
143.0,0.534,20242025
143.1,0.546,20242025
143.2,0.551,20242025
143.3,0.561,20242025
143.4,0.556,20242025
143.5,0.536,20242025
143.6,0.53,20242025
143.7,0.533,20242025
143.8,0.534,20242025
143.9,0.531,20242025
144.0,0.54,20242025
144.1,0.559,20242025
144.2,0.56,20242025
144.3,0.561,20242025
144.4,0.56,20242025
144.5,0.579,20242025
144.6,0.565,20242025
144.7,0.563,20242025
144.8,0.564,20242025
144.9,0.564,20242025
145.0,0.553,20242025
145.1,0.543,20242025
145.2,0.536,20242025
145.3,0.544,20242025
145.4,0.547,20242025
145.5,0.554,20242025
145.6,0.548,20242025
145.7,0.553,20242025
145.8,0.553,20242025
145.9,0.553,20242025
146.0,0.558,20242025
146.1,0.57,20242025
146.2,0.567,20242025
146.3,0.563,20242025
146.4,0.561,20242025
146.5,0.556,20242025
146.6,0.549,20242025
146.7,0.552,20242025
146.8,0.549,20242025
146.9,0.545,20242025
147.0,0.552,20242025
147.1,0.572,20242025
147.2,0.572,20242025
147.3,0.544,20242025
147.4,0.562,20242025
147.5,0.558,20242025
147.6,0.547,20242025
147.7,0.553,20242025
147.8,0.557,20242025
147.9,0.553,20242025
148.0,0.548,20242025
148.1,0.549,20242025
148.2,0.557,20242025
148.3,0.568,20242025
148.4,0.563,20242025
148.5,0.558,20242025
148.6,0.558,20242025
148.7,0.557,20242025
148.8,0.578,20242025
148.9,0.564,20242025
149.0,0.558,20242025
149.1,0.564,20242025
149.2,0.581,20242025
149.3,0.582,20242025
149.4,0.583,20242025
149.5,0.579,20242025
149.6,0.58,20242025
149.7,0.59,20242025
149.8,0.59,20242025
149.9,0.59,20242025
150.0,0.581,20242025
150.1,0.597,20242025
150.2,0.588,20242025
150.3,0.586,20242025
150.4,0.575,20242025
150.5,0.571,20242025
150.6,0.582,20242025
150.7,0.58,20242025
150.8,0.576,20242025
150.9,0.582,20242025
151.0,0.589,20242025
151.1,0.587,20242025
151.2,0.589,20242025
151.3,0.598,20242025
151.4,0.588,20242025
151.5,0.581,20242025
151.6,0.583,20242025
151.7,0.581,20242025
151.8,0.587,20242025
151.9,0.588,20242025
152.0,0.569,20242025
152.1,0.569,20242025
152.2,0.568,20242025
152.3,0.558,20242025
152.4,0.575,20242025
152.5,0.574,20242025
152.6,0.581,20242025
152.7,0.575,20242025
152.8,0.569,20242025
152.9,0.551,20242025
153.0,0.565,20242025
153.1,0.546,20242025
153.2,0.539,20242025
153.3,0.552,20242025
153.4,0.57,20242025
153.5,0.583,20242025
153.6,0.598,20242025
153.7,0.621,20242025
153.8,0.614,20242025
153.9,0.62,20242025
154.0,0.628,20242025
154.1,0.632,20242025
154.2,0.629,20242025
154.3,0.606,20242025
154.4,0.624,20242025
154.5,0.611,20242025
154.6,0.618,20242025
154.7,0.617,20242025
154.8,0.613,20242025
154.9,0.636,20242025
155.0,0.634,20242025
155.1,0.618,20242025
155.2,0.622,20242025
155.3,0.619,20242025
155.4,0.593,20242025
155.5,0.584,20242025
155.6,0.603,20242025
155.7,0.595,20242025
155.8,0.602,20242025
155.9,0.603,20242025
156.0,0.58,20242025
156.1,0.578,20242025
156.2,0.581,20242025
156.3,0.579,20242025
156.4,0.597,20242025
156.5,0.59,20242025
156.6,0.571,20242025
156.7,0.588,20242025
156.8,0.602,20242025
156.9,0.592,20242025
157.0,0.591,20242025
157.1,0.579,20242025
157.2,0.588,20242025
157.3,0.575,20242025
157.4,0.565,20242025
157.5,0.575,20242025
157.6,0.565,20242025
157.7,0.57,20242025
157.8,0.567,20242025
157.9,0.582,20242025
158.0,0.582,20242025
158.1,0.569,20242025
158.2,0.562,20242025
158.3,0.57,20242025
158.4,0.573,20242025
158.5,0.581,20242025
158.6,0.576,20242025
158.7,0.577,20242025
158.8,0.575,20242025
158.9,0.584,20242025
159.0,0.581,20242025
159.1,0.575,20242025
159.2,0.577,20242025
159.3,0.557,20242025
159.4,0.568,20242025
159.5,0.565,20242025
159.6,0.568,20242025
159.7,0.581,20242025
159.8,0.572,20242025
159.9,0.577,20242025
160.0,0.577,20242025
160.1,0.565,20242025
160.2,0.574,20242025
160.3,0.562,20242025
160.4,0.571,20242025
160.5,0.555,20242025
160.6,0.567,20242025
160.7,0.55,20242025
160.8,0.534,20242025
160.9,0.522,20242025
161.0,0.52,20242025
161.1,0.542,20242025
161.2,0.531,20242025
161.3,0.528,20242025
161.4,0.511,20242025
161.5,0.523,20242025
161.6,0.536,20242025
161.7,0.547,20242025
161.8,0.558,20242025
161.9,0.568,20242025
162.0,0.57,20242025
162.1,0.574,20242025
162.2,0.584,20242025
162.3,0.564,20242025
162.4,0.561,20242025
162.5,0.568,20242025
162.6,0.565,20242025
162.7,0.56,20242025
162.8,0.554,20242025
162.9,0.558,20242025
163.0,0.551,20242025
163.1,0.57,20242025
163.2,0.571,20242025
163.3,0.576,20242025
163.4,0.58,20242025
163.5,0.574,20242025
163.6,0.584,20242025
163.7,0.586,20242025
163.8,0.583,20242025
163.9,0.582,20242025
164.0,0.569,20242025
164.1,0.55,20242025
164.2,0.557,20242025
164.3,0.555,20242025
164.4,0.57,20242025
164.5,0.571,20242025
164.6,0.573,20242025
164.7,0.576,20242025
164.8,0.582,20242025
164.9,0.58,20242025
165.0,0.595,20242025
165.1,0.591,20242025
165.2,0.606,20242025
165.3,0.616,20242025
165.4,0.606,20242025
165.5,0.601,20242025
165.6,0.612,20242025
165.7,0.589,20242025
165.8,0.58,20242025
165.9,0.577,20242025
166.0,0.569,20242025
166.1,0.562,20242025
166.2,0.551,20242025
166.3,0.533,20242025
166.4,0.547,20242025
166.5,0.554,20242025
166.6,0.561,20242025
166.7,0.568,20242025
166.8,0.557,20242025
166.9,0.559,20242025
167.0,0.555,20242025
167.1,0.563,20242025
167.2,0.544,20242025
167.3,0.56,20242025
167.4,0.566,20242025
167.5,0.537,20242025
167.6,0.53,20242025
167.7,0.55,20242025
167.8,0.568,20242025
167.9,0.564,20242025
168.0,0.57,20242025
168.1,0.572,20242025
168.2,0.568,20242025
168.3,0.576,20242025
168.4,0.58,20242025
168.5,0.579,20242025
168.6,0.568,20242025
168.7,0.567,20242025
168.8,0.576,20242025
168.9,0.589,20242025
169.0,0.585,20242025
169.1,0.577,20242025
169.2,0.577,20242025
169.3,0.569,20242025
169.4,0.585,20242025
169.5,0.589,20242025
169.6,0.572,20242025
169.7,0.58,20242025
169.8,0.574,20242025
169.9,0.564,20242025
170.0,0.578,20242025
170.1,0.587,20242025
170.2,0.577,20242025
170.3,0.576,20242025
170.4,0.583,20242025
170.5,0.589,20242025
170.6,0.584,20242025
170.7,0.591,20242025
170.8,0.593,20242025
170.9,0.598,20242025
171.0,0.613,20242025
171.1,0.612,20242025
171.2,0.593,20242025
171.3,0.605,20242025
171.4,0.614,20242025
171.5,0.625,20242025
171.6,0.609,20242025
171.7,0.612,20242025
171.8,0.624,20242025
171.9,0.621,20242025
172.0,0.615,20242025
172.1,0.591,20242025
172.2,0.583,20242025
172.3,0.588,20242025
172.4,0.585,20242025
172.5,0.579,20242025
172.6,0.586,20242025
172.7,0.577,20242025
172.8,0.562,20242025
172.9,0.568,20242025
173.0,0.57,20242025
173.1,0.576,20242025
173.2,0.579,20242025
173.3,0.592,20242025
173.4,0.589,20242025
173.5,0.595,20242025
173.6,0.6,20242025
173.7,0.592,20242025
173.8,0.581,20242025
173.9,0.583,20242025
174.0,0.588,20242025
174.1,0.595,20242025
174.2,0.583,20242025
174.3,0.589,20242025
174.4,0.588,20242025
174.5,0.588,20242025
174.6,0.594,20242025
174.7,0.614,20242025
174.8,0.601,20242025
174.9,0.605,20242025
175.0,0.597,20242025
175.1,0.587,20242025
175.2,0.581,20242025
175.3,0.575,20242025
175.4,0.574,20242025
175.5,0.565,20242025
175.6,0.557,20242025
175.7,0.555,20242025
175.8,0.545,20242025
175.9,0.551,20242025
176.0,0.549,20242025
176.1,0.554,20242025
176.2,0.539,20242025
176.3,0.544,20242025
176.4,0.532,20242025
176.5,0.536,20242025
176.6,0.538,20242025
176.7,0.544,20242025
176.8,0.547,20242025
176.9,0.53,20242025
177.0,0.516,20242025
177.1,0.516,20242025
177.2,0.531,20242025
177.3,0.518,20242025
177.4,0.534,20242025
177.5,0.533,20242025
177.6,0.537,20242025
177.7,0.533,20242025
177.8,0.528,20242025
177.9,0.532,20242025
178.0,0.539,20242025
178.1,0.531,20242025
178.2,0.525,20242025
178.3,0.532,20242025
178.4,0.535,20242025
178.5,0.552,20242025
178.6,0.545,20242025
178.7,0.579,20242025
178.8,0.569,20242025
178.9,0.557,20242025
179.0,0.562,20242025
179.1,0.566,20242025
179.2,0.583,20242025
179.3,0.575,20242025
179.4,0.587,20242025
179.5,0.572,20242025
179.6,0.571,20242025
179.7,0.56,20242025
179.8,0.569,20242025
179.9,0.57,20242025
180.0,0.555,20242025
180.1,0.561,20242025
180.2,0.544,20242025
180.3,0.549,20242025
180.4,0.531,20242025
180.5,0.533,20242025
180.6,0.508,20242025
180.7,0.504,20242025
180.8,0.499,20242025
180.9,0.501,20242025
181.0,0.514,20242025
181.1,0.532,20242025
181.2,0.52,20242025
181.3,0.525,20242025
181.4,0.54,20242025
181.5,0.536,20242025
181.6,0.54,20242025
181.7,0.551,20242025
181.8,0.534,20242025
181.9,0.536,20242025
182.0,0.537,20242025
182.1,0.55,20242025
182.2,0.562,20242025
182.3,0.583,20242025
182.4,0.587,20242025
182.5,0.587,20242025
182.6,0.598,20242025
182.7,0.596,20242025
182.8,0.605,20242025
182.9,0.594,20242025
183.0,0.594,20242025
183.1,0.585,20242025
183.2,0.578,20242025
183.3,0.587,20242025
183.4,0.598,20242025
183.5,0.596,20242025
183.6,0.6,20242025
183.7,0.617,20242025
183.8,0.629,20242025
183.9,0.619,20242025
184.0,0.614,20242025
184.1,0.597,20242025
184.2,0.593,20242025
184.3,0.598,20242025
184.4,0.603,20242025
184.5,0.591,20242025
184.6,0.603,20242025
184.7,0.613,20242025
184.8,0.589,20242025
184.9,0.587,20242025
185.0,0.579,20242025
185.1,0.572,20242025
185.2,0.57,20242025
185.3,0.564,20242025
185.4,0.576,20242025
185.5,0.59,20242025
185.6,0.581,20242025
185.7,0.575,20242025
185.8,0.575,20242025
185.9,0.581,20242025
186.0,0.573,20242025
186.1,0.566,20242025
186.2,0.57,20242025
186.3,0.572,20242025
186.4,0.58,20242025
186.5,0.594,20242025
186.6,0.588,20242025
186.7,0.597,20242025
186.8,0.592,20242025
186.9,0.584,20242025
187.0,0.578,20242025
187.1,0.579,20242025
187.2,0.591,20242025
187.3,0.575,20242025
187.4,0.569,20242025
187.5,0.571,20242025
187.6,0.562,20242025
187.7,0.573,20242025
187.8,0.555,20242025
187.9,0.547,20242025
188.0,0.545,20242025
188.1,0.558,20242025
188.2,0.538,20242025
188.3,0.547,20242025
188.4,0.554,20242025
188.5,0.555,20242025
188.6,0.556,20242025
188.7,0.553,20242025
188.8,0.555,20242025
188.9,0.547,20242025
189.0,0.56,20242025
189.1,0.547,20242025
189.2,0.542,20242025
189.3,0.564,20242025
189.4,0.561,20242025
189.5,0.558,20242025
189.6,0.561,20242025
189.7,0.548,20242025
189.8,0.54,20242025
189.9,0.547,20242025
190.0,0.541,20242025
190.1,0.541,20242025
190.2,0.541,20242025
190.3,0.536,20242025
190.4,0.53,20242025
190.5,0.537,20242025
190.6,0.538,20242025
190.7,0.526,20242025
190.8,0.55,20242025
190.9,0.546,20242025
191.0,0.564,20242025
191.1,0.563,20242025
191.2,0.566,20242025
191.3,0.582,20242025
191.4,0.592,20242025
191.5,0.583,20242025
191.6,0.574,20242025
191.7,0.581,20242025
191.8,0.581,20242025
191.9,0.579,20242025
192.0,0.583,20242025
192.1,0.562,20242025
192.2,0.565,20242025
192.3,0.549,20242025
192.4,0.557,20242025
192.5,0.555,20242025
192.6,0.553,20242025
192.7,0.556,20242025
192.8,0.568,20242025
192.9,0.58,20242025
193.0,0.565,20242025
193.1,0.593,20242025
193.2,0.596,20242025
193.3,0.598,20242025
193.4,0.596,20242025
193.5,0.616,20242025
193.6,0.633,20242025
193.7,0.631,20242025
193.8,0.622,20242025
193.9,0.612,20242025
194.0,0.607,20242025
194.1,0.605,20242025
194.2,0.593,20242025
194.3,0.59,20242025
194.4,0.575,20242025
194.5,0.574,20242025
194.6,0.569,20242025
194.7,0.562,20242025
194.8,0.569,20242025
194.9,0.587,20242025
195.0,0.576,20242025
195.1,0.561,20242025
195.2,0.558,20242025
195.3,0.553,20242025
195.4,0.558,20242025
195.5,0.549,20242025
195.6,0.531,20242025
195.7,0.52,20242025
195.8,0.543,20242025
195.9,0.548,20242025
196.0,0.562,20242025
196.1,0.553,20242025
196.2,0.558,20242025
196.3,0.574,20242025
196.4,0.585,20242025
196.5,0.578,20242025
196.6,0.582,20242025
196.7,0.6,20242025
196.8,0.599,20242025
196.9,0.601,20242025
197.0,0.593,20242025
197.1,0.6,20242025
197.2,0.617,20242025
197.3,0.596,20242025
197.4,0.591,20242025
197.5,0.6,20242025
197.6,0.587,20242025
197.7,0.574,20242025
197.8,0.577,20242025
197.9,0.583,20242025
198.0,0.575,20242025
198.1,0.57,20242025
198.2,0.583,20242025
198.3,0.569,20242025
198.4,0.567,20242025
198.5,0.564,20242025
198.6,0.551,20242025
198.7,0.549,20242025
198.8,0.563,20242025
198.9,0.569,20242025
199.0,0.594,20242025
199.1,0.577,20242025
199.2,0.597,20242025
199.3,0.593,20242025
199.4,0.597,20242025
199.5,0.609,20242025
199.6,0.599,20242025
199.7,0.606,20242025
199.8,0.594,20242025
199.9,0.6,20242025
200.0,0.592,20242025
200.1,0.592,20242025
200.2,0.584,20242025
200.3,0.581,20242025
200.4,0.586,20242025
200.5,0.591,20242025
200.6,0.592,20242025
200.7,0.596,20242025
200.8,0.589,20242025
200.9,0.569,20242025
201.0,0.576,20242025
201.1,0.572,20242025
201.2,0.602,20242025
201.3,0.593,20242025
201.4,0.617,20242025
201.5,0.608,20242025
201.6,0.582,20242025
201.7,0.573,20242025
201.8,0.592,20242025
201.9,0.593,20242025
202.0,0.589,20242025
202.1,0.585,20242025
202.2,0.582,20242025
202.3,0.591,20242025
202.4,0.589,20242025
202.5,0.597,20242025
202.6,0.587,20242025
202.7,0.586,20242025
202.8,0.567,20242025
202.9,0.581,20242025
203.0,0.576,20242025
203.1,0.596,20242025
203.2,0.595,20242025
203.3,0.586,20242025
203.4,0.583,20242025
203.5,0.577,20242025
203.6,0.588,20242025
203.7,0.592,20242025
203.8,0.598,20242025
203.9,0.598,20242025
204.0,0.592,20242025
204.1,0.567,20242025
204.2,0.576,20242025
204.3,0.577,20242025
204.4,0.583,20242025
204.5,0.587,20242025
204.6,0.589,20242025
204.7,0.579,20242025
204.8,0.566,20242025
204.9,0.56,20242025
205.0,0.589,20242025
205.1,0.586,20242025
205.2,0.583,20242025
205.3,0.581,20242025
205.4,0.592,20242025
205.5,0.599,20242025
205.6,0.606,20242025
205.7,0.597,20242025
205.8,0.597,20242025
205.9,0.585,20242025
206.0,0.6,20242025
206.1,0.593,20242025
206.2,0.598,20242025
206.3,0.605,20242025
206.4,0.596,20242025
206.5,0.577,20242025
206.6,0.565,20242025
206.7,0.556,20242025
206.8,0.578,20242025
206.9,0.572,20242025
207.0,0.55,20242025
207.1,0.55,20242025
207.2,0.55,20242025
207.3,0.56,20242025
207.4,0.542,20242025
207.5,0.541,20242025
207.6,0.548,20242025
207.7,0.567,20242025
207.8,0.559,20242025
207.9,0.557,20242025
208.0,0.556,20242025
208.1,0.551,20242025
208.2,0.557,20242025
208.3,0.539,20242025
208.4,0.527,20242025
208.5,0.538,20242025
208.6,0.541,20242025
208.7,0.528,20242025
208.8,0.552,20242025
208.9,0.553,20242025
209.0,0.567,20242025
209.1,0.547,20242025
209.2,0.553,20242025
209.3,0.543,20242025
209.4,0.558,20242025
209.5,0.571,20242025
209.6,0.586,20242025
209.7,0.567,20242025
209.8,0.587,20242025
209.9,0.587,20242025
210.0,0.595,20242025
210.1,0.591,20242025
210.2,0.569,20242025
210.3,0.586,20242025
210.4,0.594,20242025
210.5,0.583,20242025
210.6,0.601,20242025
210.7,0.6,20242025
210.8,0.6,20242025
210.9,0.601,20242025
211.0,0.575,20242025
211.1,0.585,20242025
211.2,0.574,20242025
211.3,0.556,20242025
211.4,0.567,20242025
211.5,0.551,20242025
211.6,0.558,20242025
211.7,0.551,20242025
211.8,0.558,20242025
211.9,0.55,20242025
212.0,0.546,20242025
212.1,0.542,20242025
212.2,0.527,20242025
212.3,0.516,20242025
212.4,0.521,20242025
212.5,0.526,20242025
212.6,0.549,20242025
212.7,0.56,20242025
212.8,0.556,20242025
212.9,0.55,20242025
213.0,0.547,20242025
213.1,0.557,20242025
213.2,0.57,20242025
213.3,0.583,20242025
213.4,0.584,20242025
213.5,0.588,20242025
213.6,0.576,20242025
213.7,0.588,20242025
213.8,0.592,20242025
213.9,0.579,20242025
214.0,0.575,20242025
214.1,0.58,20242025
214.2,0.58,20242025
214.3,0.578,20242025
214.4,0.582,20242025
214.5,0.557,20242025
214.6,0.555,20242025
214.7,0.566,20242025
214.8,0.577,20242025
214.9,0.598,20242025
215.0,0.59,20242025
215.1,0.575,20242025
215.2,0.588,20242025
215.3,0.575,20242025
215.4,0.574,20242025
215.5,0.575,20242025
215.6,0.584,20242025
215.7,0.565,20242025
215.8,0.559,20242025
215.9,0.561,20242025
216.0,0.553,20242025
216.1,0.548,20242025
216.2,0.541,20242025
216.3,0.54,20242025
216.4,0.547,20242025
216.5,0.553,20242025
216.6,0.548,20242025
216.7,0.553,20242025
216.8,0.559,20242025
216.9,0.562,20242025
217.0,0.562,20242025
217.1,0.548,20242025
217.2,0.541,20242025
217.3,0.543,20242025
217.4,0.553,20242025
217.5,0.564,20242025
217.6,0.564,20242025
217.7,0.569,20242025
217.8,0.595,20242025
217.9,0.594,20242025
218.0,0.586,20242025
218.1,0.577,20242025
218.2,0.577,20242025
218.3,0.559,20242025
218.4,0.558,20242025
218.5,0.57,20242025
218.6,0.559,20242025
218.7,0.576,20242025
218.8,0.59,20242025
218.9,0.598,20242025
219.0,0.604,20242025
219.1,0.597,20242025
219.2,0.589,20242025
219.3,0.596,20242025
219.4,0.582,20242025
219.5,0.59,20242025
219.6,0.576,20242025
219.7,0.576,20242025
219.8,0.574,20242025
219.9,0.566,20242025
220.0,0.578,20242025
220.1,0.572,20242025
220.2,0.572,20242025
220.3,0.588,20242025
220.4,0.577,20242025
220.5,0.581,20242025
220.6,0.576,20242025
220.7,0.564,20242025
220.8,0.566,20242025
220.9,0.56,20242025
221.0,0.56,20242025
221.1,0.556,20242025
221.2,0.56,20242025
221.3,0.565,20242025
221.4,0.564,20242025
221.5,0.568,20242025
221.6,0.583,20242025
221.7,0.582,20242025
221.8,0.59,20242025
221.9,0.571,20242025
222.0,0.565,20242025
222.1,0.572,20242025
222.2,0.583,20242025
222.3,0.591,20242025
222.4,0.59,20242025
222.5,0.604,20242025
222.6,0.586,20242025
222.7,0.595,20242025
222.8,0.597,20242025
222.9,0.591,20242025
223.0,0.58,20242025
223.1,0.576,20242025
223.2,0.573,20242025
223.3,0.557,20242025
223.4,0.551,20242025
223.5,0.555,20242025
223.6,0.549,20242025
223.7,0.53,20242025
223.8,0.541,20242025
223.9,0.561,20242025
224.0,0.554,20242025
224.1,0.568,20242025
224.2,0.576,20242025
224.3,0.569,20242025
224.4,0.558,20242025
224.5,0.562,20242025
224.6,0.555,20242025
224.7,0.558,20242025
224.8,0.565,20242025
224.9,0.555,20242025
225.0,0.566,20242025
225.1,0.55,20242025
225.2,0.529,20242025
225.3,0.548,20242025
225.4,0.537,20242025
225.5,0.549,20242025
225.6,0.555,20242025
225.7,0.55,20242025
225.8,0.536,20242025
225.9,0.549,20242025
226.0,0.555,20242025
226.1,0.539,20242025
226.2,0.542,20242025
226.3,0.527,20242025
226.4,0.513,20242025
226.5,0.52,20242025
226.6,0.525,20242025
226.7,0.539,20242025
226.8,0.524,20242025
226.9,0.516,20242025
227.0,0.529,20242025
227.1,0.535,20242025
227.2,0.537,20242025
227.3,0.551,20242025
227.4,0.554,20242025
227.5,0.556,20242025
227.6,0.54,20242025
227.7,0.556,20242025
227.8,0.572,20242025
227.9,0.568,20242025
228.0,0.578,20242025
228.1,0.588,20242025
228.2,0.602,20242025
228.3,0.593,20242025
228.4,0.59,20242025
228.5,0.606,20242025
228.6,0.6,20242025
228.7,0.597,20242025
228.8,0.577,20242025
228.9,0.589,20242025
229.0,0.599,20242025
229.1,0.597,20242025
229.2,0.591,20242025
229.3,0.593,20242025
229.4,0.588,20242025
229.5,0.568,20242025
229.6,0.57,20242025
229.7,0.589,20242025
229.8,0.571,20242025
229.9,0.581,20242025
230.0,0.591,20242025
230.1,0.592,20242025
230.2,0.591,20242025
230.3,0.602,20242025
230.4,0.587,20242025
230.5,0.585,20242025
230.6,0.58,20242025
230.7,0.585,20242025
230.8,0.584,20242025
230.9,0.577,20242025
231.0,0.572,20242025
231.1,0.573,20242025
231.2,0.578,20242025
231.3,0.571,20242025
231.4,0.579,20242025
231.5,0.57,20242025
231.6,0.56,20242025
231.7,0.558,20242025
231.8,0.55,20242025
231.9,0.528,20242025
232.0,0.524,20242025
232.1,0.513,20242025
232.2,0.536,20242025
232.3,0.544,20242025
232.4,0.561,20242025
232.5,0.575,20242025
232.6,0.551,20242025
232.7,0.529,20242025
232.8,0.53,20242025
232.9,0.54,20242025
233.0,0.542,20242025
233.1,0.546,20242025
233.2,0.569,20242025
233.3,0.564,20242025
233.4,0.552,20242025
233.5,0.544,20242025
233.6,0.527,20242025
233.7,0.549,20242025
233.8,0.552,20242025
233.9,0.56,20242025
234.0,0.555,20242025
234.1,0.553,20242025
234.2,0.545,20242025
234.3,0.549,20242025
234.4,0.559,20242025
234.5,0.569,20242025
234.6,0.57,20242025
234.7,0.551,20242025
234.8,0.551,20242025
234.9,0.559,20242025
235.0,0.567,20242025
235.1,0.555,20242025
235.2,0.543,20242025
235.3,0.562,20242025
235.4,0.572,20242025
235.5,0.572,20242025
235.6,0.566,20242025
235.7,0.579,20242025
235.8,0.586,20242025
235.9,0.588,20242025
236.0,0.591,20242025
236.1,0.587,20242025
236.2,0.586,20242025
236.3,0.588,20242025
236.4,0.598,20242025
236.5,0.582,20242025
236.6,0.6,20242025
236.7,0.596,20242025
236.8,0.593,20242025
236.9,0.581,20242025
237.0,0.591,20242025
237.1,0.584,20242025
237.2,0.587,20242025
237.3,0.587,20242025
237.4,0.581,20242025
237.5,0.572,20242025
237.6,0.58,20242025
237.7,0.58,20242025
237.8,0.588,20242025
237.9,0.604,20242025
238.0,0.599,20242025
238.1,0.582,20242025
238.2,0.579,20242025
238.3,0.573,20242025
238.4,0.57,20242025
238.5,0.554,20242025
238.6,0.538,20242025
238.7,0.545,20242025
238.8,0.532,20242025
238.9,0.542,20242025
239.0,0.552,20242025
239.1,0.543,20242025
239.2,0.55,20242025
239.3,0.539,20242025
239.4,0.564,20242025
239.5,0.57,20242025
239.6,0.577,20242025
239.7,0.575,20242025
239.8,0.595,20242025
239.9,0.595,20242025
240.0,0.602,20242025
240.1,0.599,20242025
240.2,0.607,20242025
240.3,0.606,20242025
240.4,0.598,20242025
240.5,0.592,20242025
240.6,0.58,20242025
240.7,0.58,20242025
240.8,0.582,20242025
240.9,0.591,20242025
241.0,0.584,20242025
241.1,0.595,20242025
241.2,0.582,20242025
241.3,0.566,20242025
241.4,0.567,20242025
241.5,0.567,20242025
241.6,0.566,20242025
241.7,0.56,20242025
241.8,0.552,20242025
241.9,0.553,20242025
242.0,0.554,20242025
242.1,0.565,20242025
242.2,0.562,20242025
242.3,0.557,20242025
242.4,0.569,20242025
242.5,0.557,20242025
242.6,0.564,20242025
242.7,0.552,20242025
242.8,0.575,20242025
242.9,0.572,20242025
243.0,0.565,20242025
243.1,0.578,20242025
243.2,0.577,20242025
243.3,0.57,20242025
243.4,0.564,20242025
243.5,0.565,20242025
243.6,0.562,20242025
243.7,0.567,20242025
243.8,0.578,20242025
243.9,0.578,20242025
244.0,0.575,20242025
244.1,0.582,20242025
244.2,0.582,20242025
244.3,0.592,20242025
244.4,0.594,20242025
244.5,0.603,20242025
244.6,0.59,20242025
244.7,0.61,20242025
244.8,0.594,20242025
244.9,0.585,20242025
245.0,0.576,20242025
245.1,0.574,20242025
245.2,0.583,20242025
245.3,0.592,20242025
245.4,0.586,20242025
245.5,0.584,20242025
245.6,0.574,20242025
245.7,0.574,20242025
245.8,0.555,20242025
245.9,0.553,20242025
246.0,0.547,20242025
246.1,0.531,20242025
246.2,0.571,20242025
246.3,0.558,20242025
246.4,0.561,20242025
246.5,0.565,20242025
246.6,0.559,20242025
246.7,0.551,20242025
246.8,0.548,20242025
246.9,0.549,20242025
247.0,0.554,20242025
247.1,0.554,20242025
247.2,0.547,20242025
247.3,0.551,20242025
247.4,0.559,20242025
247.5,0.556,20242025
247.6,0.563,20242025
247.7,0.568,20242025
247.8,0.58,20242025
247.9,0.572,20242025
248.0,0.58,20242025
248.1,0.579,20242025
248.2,0.584,20242025
248.3,0.597,20242025
248.4,0.589,20242025
248.5,0.581,20242025
248.6,0.573,20242025
248.7,0.592,20242025
248.8,0.595,20242025
248.9,0.606,20242025
249.0,0.61,20242025
249.1,0.601,20242025
249.2,0.607,20242025
249.3,0.596,20242025
249.4,0.603,20242025
249.5,0.617,20242025
249.6,0.621,20242025
249.7,0.616,20242025
249.8,0.612,20242025
249.9,0.614,20242025
250.0,0.593,20242025
250.1,0.599,20242025
250.2,0.595,20242025
250.3,0.596,20242025
250.4,0.589,20242025
250.5,0.593,20242025
250.6,0.596,20242025
250.7,0.6,20242025
250.8,0.598,20242025
250.9,0.588,20242025
251.0,0.598,20242025
251.1,0.585,20242025
251.2,0.575,20242025
251.3,0.577,20242025
251.4,0.58,20242025
251.5,0.568,20242025
251.6,0.549,20242025
251.7,0.535,20242025
251.8,0.558,20242025
251.9,0.577,20242025
252.0,0.572,20242025
252.1,0.569,20242025
252.2,0.584,20242025
252.3,0.576,20242025
252.4,0.574,20242025
252.5,0.577,20242025
252.6,0.586,20242025
252.7,0.575,20242025
252.8,0.572,20242025
252.9,0.585,20242025
253.0,0.574,20242025
253.1,0.568,20242025
253.2,0.564,20242025
253.3,0.552,20242025
253.4,0.562,20242025
253.5,0.554,20242025
253.6,0.562,20242025
253.7,0.565,20242025
253.8,0.568,20242025
253.9,0.569,20242025
254.0,0.582,20242025
254.1,0.603,20242025
254.2,0.591,20242025
254.3,0.591,20242025
254.4,0.587,20242025
254.5,0.578,20242025
254.6,0.595,20242025
254.7,0.591,20242025
254.8,0.575,20242025
254.9,0.581,20242025
255.0,0.585,20242025
255.1,0.596,20242025
255.2,0.608,20242025
255.3,0.591,20242025
255.4,0.59,20242025
255.5,0.6,20242025
255.6,0.588,20242025
255.7,0.594,20242025
255.8,0.584,20242025
255.9,0.567,20242025
256.0,0.572,20242025
256.1,0.563,20242025
256.2,0.573,20242025
256.3,0.589,20242025
256.4,0.586,20242025
256.5,0.577,20242025
256.6,0.596,20242025
256.7,0.597,20242025
256.8,0.574,20242025
256.9,0.577,20242025
257.0,0.587,20242025
257.1,0.593,20242025
257.2,0.595,20242025
257.3,0.59,20242025
257.4,0.571,20242025
257.5,0.573,20242025
257.6,0.574,20242025
257.7,0.57,20242025
257.8,0.564,20242025
257.9,0.556,20242025
258.0,0.597,20242025
258.1,0.582,20242025
258.2,0.584,20242025
258.3,0.596,20242025
258.4,0.587,20242025
258.5,0.573,20242025
258.6,0.583,20242025
258.7,0.568,20242025
258.8,0.556,20242025
258.9,0.573,20242025
259.0,0.579,20242025
259.1,0.562,20242025
259.2,0.556,20242025
259.3,0.55,20242025
259.4,0.557,20242025
259.5,0.535,20242025
259.6,0.542,20242025
259.7,0.542,20242025
259.8,0.554,20242025
259.9,0.545,20242025
260.0,0.55,20242025
260.1,0.545,20242025
260.2,0.553,20242025
260.3,0.576,20242025
260.4,0.589,20242025
260.5,0.596,20242025
260.6,0.585,20242025
260.7,0.58,20242025
260.8,0.569,20242025
260.9,0.582,20242025
261.0,0.57,20242025
261.1,0.568,20242025
261.2,0.566,20242025
261.3,0.568,20242025
261.4,0.566,20242025
261.5,0.559,20242025
261.6,0.595,20242025
261.7,0.572,20242025
261.8,0.583,20242025
261.9,0.584,20242025
262.0,0.597,20242025
262.1,0.593,20242025
262.2,0.6,20242025
262.3,0.615,20242025
262.4,0.616,20242025
262.5,0.611,20242025
262.6,0.604,20242025
262.7,0.601,20242025
262.8,0.585,20242025
262.9,0.582,20242025
263.0,0.578,20242025
263.1,0.58,20242025
263.2,0.589,20242025
263.3,0.588,20242025
263.4,0.605,20242025
263.5,0.592,20242025
263.6,0.6,20242025
263.7,0.599,20242025
263.8,0.602,20242025
263.9,0.592,20242025
264.0,0.578,20242025
264.1,0.598,20242025
264.2,0.598,20242025
264.3,0.583,20242025
264.4,0.601,20242025
264.5,0.605,20242025
264.6,0.602,20242025
264.7,0.596,20242025
264.8,0.591,20242025
264.9,0.585,20242025
265.0,0.585,20242025
265.1,0.58,20242025
265.2,0.585,20242025
265.3,0.582,20242025
265.4,0.585,20242025
265.5,0.591,20242025
265.6,0.587,20242025
265.7,0.594,20242025
265.8,0.587,20242025
265.9,0.579,20242025
266.0,0.571,20242025
266.1,0.58,20242025
266.2,0.584,20242025
266.3,0.578,20242025
266.4,0.566,20242025
266.5,0.547,20242025
266.6,0.563,20242025
266.7,0.569,20242025
266.8,0.59,20242025
266.9,0.596,20242025
267.0,0.589,20242025
267.1,0.577,20242025
267.2,0.588,20242025
267.3,0.6,20242025
267.4,0.6,20242025
267.5,0.59,20242025
267.6,0.569,20242025
267.7,0.571,20242025
267.8,0.582,20242025
267.9,0.576,20242025
268.0,0.589,20242025
268.1,0.579,20242025
268.2,0.581,20242025
268.3,0.593,20242025
268.4,0.594,20242025
268.5,0.575,20242025
268.6,0.556,20242025
268.7,0.572,20242025
268.8,0.575,20242025
268.9,0.567,20242025
269.0,0.552,20242025
269.1,0.561,20242025
269.2,0.563,20242025
269.3,0.547,20242025
269.4,0.557,20242025
269.5,0.555,20242025
269.6,0.554,20242025
269.7,0.551,20242025
269.8,0.542,20242025
269.9,0.548,20242025
270.0,0.555,20242025
270.1,0.578,20242025
270.2,0.556,20242025
270.3,0.575,20242025
270.4,0.576,20242025
270.5,0.564,20242025
270.6,0.558,20242025
270.7,0.552,20242025
270.8,0.549,20242025
270.9,0.551,20242025
271.0,0.553,20242025
271.1,0.553,20242025
271.2,0.539,20242025
271.3,0.541,20242025
271.4,0.543,20242025
271.5,0.547,20242025
271.6,0.559,20242025
271.7,0.544,20242025
271.8,0.571,20242025
271.9,0.577,20242025
272.0,0.571,20242025
272.1,0.577,20242025
272.2,0.592,20242025
272.3,0.596,20242025
272.4,0.597,20242025
272.5,0.598,20242025
272.6,0.604,20242025
272.7,0.613,20242025
272.8,0.611,20242025
272.9,0.608,20242025
273.0,0.602,20242025
273.1,0.595,20242025
273.2,0.586,20242025
273.3,0.582,20242025
273.4,0.582,20242025
273.5,0.565,20242025
273.6,0.569,20242025
273.7,0.575,20242025
273.8,0.583,20242025
273.9,0.592,20242025
274.0,0.586,20242025
274.1,0.581,20242025
274.2,0.57,20242025
274.3,0.552,20242025
274.4,0.563,20242025
274.5,0.574,20242025
274.6,0.582,20242025
274.7,0.581,20242025
274.8,0.582,20242025
274.9,0.563,20242025
275.0,0.561,20242025
275.1,0.58,20242025
275.2,0.567,20242025
275.3,0.562,20242025
275.4,0.546,20242025
275.5,0.551,20242025
275.6,0.528,20242025
275.7,0.535,20242025
275.8,0.559,20242025
275.9,0.569,20242025
276.0,0.565,20242025
276.1,0.566,20242025
276.2,0.567,20242025
276.3,0.564,20242025
276.4,0.544,20242025
276.5,0.554,20242025
276.6,0.555,20242025
276.7,0.571,20242025
276.8,0.562,20242025
276.9,0.56,20242025
277.0,0.557,20242025
277.1,0.572,20242025
277.2,0.577,20242025
277.3,0.577,20242025
277.4,0.581,20242025
277.5,0.572,20242025
277.6,0.575,20242025
277.7,0.56,20242025
277.8,0.567,20242025
277.9,0.557,20242025
278.0,0.559,20242025
278.1,0.552,20242025
278.2,0.552,20242025
278.3,0.547,20242025
278.4,0.532,20242025
278.5,0.529,20242025
278.6,0.537,20242025
278.7,0.536,20242025
278.8,0.551,20242025
278.9,0.553,20242025
279.0,0.547,20242025
279.1,0.54,20242025
279.2,0.548,20242025
279.3,0.544,20242025
279.4,0.551,20242025
279.5,0.547,20242025
279.6,0.558,20242025
279.7,0.535,20242025
279.8,0.541,20242025
279.9,0.533,20242025
280.0,0.542,20242025
280.1,0.528,20242025
280.2,0.529,20242025
280.3,0.522,20242025
280.4,0.531,20242025
280.5,0.523,20242025
280.6,0.523,20242025
280.7,0.53,20242025
280.8,0.554,20242025
280.9,0.56,20242025
281.0,0.55,20242025
281.1,0.567,20242025
281.2,0.56,20242025
281.3,0.574,20242025
281.4,0.569,20242025
281.5,0.555,20242025
281.6,0.559,20242025
281.7,0.564,20242025
281.8,0.58,20242025
281.9,0.579,20242025
282.0,0.598,20242025
282.1,0.609,20242025
282.2,0.607,20242025
282.3,0.59,20242025
282.4,0.583,20242025
282.5,0.574,20242025
282.6,0.562,20242025
282.7,0.57,20242025
282.8,0.552,20242025
282.9,0.548,20242025
283.0,0.553,20242025
283.1,0.55,20242025
283.2,0.555,20242025
283.3,0.577,20242025
283.4,0.581,20242025
283.5,0.596,20242025
283.6,0.583,20242025
283.7,0.568,20242025
283.8,0.56,20242025
283.9,0.577,20242025
284.0,0.567,20242025
284.1,0.582,20242025
284.2,0.56,20242025
284.3,0.56,20242025
284.4,0.566,20242025
284.5,0.563,20242025
284.6,0.557,20242025
284.7,0.549,20242025
284.8,0.541,20242025
284.9,0.531,20242025
285.0,0.559,20242025
285.1,0.553,20242025
285.2,0.563,20242025
285.3,0.559,20242025
285.4,0.572,20242025
285.5,0.576,20242025
285.6,0.565,20242025
285.7,0.551,20242025
285.8,0.543,20242025
285.9,0.551,20242025
286.0,0.573,20242025
286.1,0.577,20242025
286.2,0.585,20242025
286.3,0.584,20242025
286.4,0.586,20242025
286.5,0.579,20242025
286.6,0.58,20242025
286.7,0.563,20242025
286.8,0.584,20242025
286.9,0.579,20242025
287.0,0.587,20242025
287.1,0.583,20242025
287.2,0.573,20242025
287.3,0.564,20242025
287.4,0.546,20242025
287.5,0.549,20242025
287.6,0.552,20242025
287.7,0.547,20242025
287.8,0.549,20242025
287.9,0.545,20242025
288.0,0.531,20242025
288.1,0.53,20242025
288.2,0.539,20242025
288.3,0.541,20242025
288.4,0.542,20242025
288.5,0.547,20242025
288.6,0.549,20242025
288.7,0.544,20242025
288.8,0.565,20242025
288.9,0.583,20242025
289.0,0.573,20242025
289.1,0.566,20242025
289.2,0.563,20242025
289.3,0.542,20242025
289.4,0.553,20242025
289.5,0.56,20242025
289.6,0.566,20242025
289.7,0.554,20242025
289.8,0.548,20242025
289.9,0.551,20242025
290.0,0.542,20242025
290.1,0.524,20242025
290.2,0.527,20242025
290.3,0.552,20242025
290.4,0.574,20242025
290.5,0.584,20242025
290.6,0.593,20242025
290.7,0.595,20242025
290.8,0.579,20242025
290.9,0.578,20242025
291.0,0.586,20242025
291.1,0.579,20242025
291.2,0.585,20242025
291.3,0.588,20242025
291.4,0.585,20242025
291.5,0.573,20242025
291.6,0.575,20242025
291.7,0.583,20242025
291.8,0.586,20242025
291.9,0.581,20242025
292.0,0.583,20242025
292.1,0.591,20242025
292.2,0.576,20242025
292.3,0.571,20242025
292.4,0.566,20242025
292.5,0.568,20242025
292.6,0.567,20242025
292.7,0.568,20242025
292.8,0.577,20242025
292.9,0.6,20242025
293.0,0.604,20242025
293.1,0.6,20242025
293.2,0.586,20242025
293.3,0.585,20242025
293.4,0.579,20242025
293.5,0.581,20242025
293.6,0.586,20242025
293.7,0.584,20242025
293.8,0.612,20242025
293.9,0.616,20242025
294.0,0.623,20242025
294.1,0.622,20242025
294.2,0.624,20242025
294.3,0.611,20242025
294.4,0.615,20242025
294.5,0.608,20242025
294.6,0.617,20242025
294.7,0.617,20242025
294.8,0.61,20242025
294.9,0.601,20242025
295.0,0.602,20242025
295.1,0.6,20242025
295.2,0.613,20242025
295.3,0.608,20242025
295.4,0.614,20242025
295.5,0.599,20242025
295.6,0.602,20242025
295.7,0.601,20242025
295.8,0.592,20242025
295.9,0.577,20242025
296.0,0.578,20242025
296.1,0.587,20242025
296.2,0.582,20242025
296.3,0.582,20242025
296.4,0.579,20242025
296.5,0.573,20242025
296.6,0.571,20242025
296.7,0.554,20242025
296.8,0.564,20242025
296.9,0.567,20242025
297.0,0.556,20242025
297.1,0.553,20242025
297.2,0.569,20242025
297.3,0.559,20242025
297.4,0.55,20242025
297.5,0.567,20242025
297.6,0.569,20242025
297.7,0.577,20242025
297.8,0.562,20242025
297.9,0.572,20242025
298.0,0.554,20242025
298.1,0.563,20242025
298.2,0.572,20242025
298.3,0.564,20242025
298.4,0.577,20242025
298.5,0.546,20242025
298.6,0.571,20242025
298.7,0.574,20242025
298.8,0.579,20242025
298.9,0.58,20242025
299.0,0.587,20242025
299.1,0.584,20242025
299.2,0.578,20242025
299.3,0.594,20242025
299.4,0.585,20242025
299.5,0.566,20242025
299.6,0.559,20242025
299.7,0.563,20242025
299.8,0.553,20242025
299.9,0.537,20242025
300.0,0.579,20242025
300.1,0.569,20242025
300.2,0.571,20242025
300.3,0.583,20242025
300.4,0.575,20242025
300.5,0.584,20242025
300.6,0.588,20242025
300.7,0.591,20242025
300.8,0.597,20242025
300.9,0.588,20242025
301.0,0.592,20242025
301.1,0.585,20242025
301.2,0.579,20242025
301.3,0.565,20242025
301.4,0.58,20242025
301.5,0.595,20242025
301.6,0.594,20242025
301.7,0.597,20242025
301.8,0.581,20242025
301.9,0.578,20242025
302.0,0.594,20242025
302.1,0.582,20242025
302.2,0.597,20242025
302.3,0.603,20242025
302.4,0.58,20242025
302.5,0.586,20242025
302.6,0.591,20242025
302.7,0.585,20242025
302.8,0.586,20242025
302.9,0.585,20242025
303.0,0.579,20242025
303.1,0.57,20242025
303.2,0.583,20242025
303.3,0.576,20242025
303.4,0.579,20242025
303.5,0.565,20242025
303.6,0.58,20242025
303.7,0.584,20242025
303.8,0.581,20242025
303.9,0.578,20242025
304.0,0.578,20242025
304.1,0.572,20242025
304.2,0.577,20242025
304.3,0.575,20242025
304.4,0.554,20242025
304.5,0.568,20242025
304.6,0.563,20242025
304.7,0.55,20242025
304.8,0.552,20242025
304.9,0.554,20242025
305.0,0.56,20242025
305.1,0.562,20242025
305.2,0.548,20242025
305.3,0.553,20242025
305.4,0.556,20242025
305.5,0.551,20242025
305.6,0.579,20242025
305.7,0.577,20242025
305.8,0.577,20242025
305.9,0.57,20242025
306.0,0.55,20242025
306.1,0.551,20242025
306.2,0.546,20242025
306.3,0.564,20242025
306.4,0.562,20242025
306.5,0.572,20242025
306.6,0.574,20242025
306.7,0.599,20242025
306.8,0.579,20242025
306.9,0.568,20242025
307.0,0.558,20242025
307.1,0.573,20242025
307.2,0.589,20242025
307.3,0.593,20242025
307.4,0.579,20242025
307.5,0.58,20242025
307.6,0.59,20242025
307.7,0.593,20242025
307.8,0.587,20242025
307.9,0.595,20242025
308.0,0.589,20242025
308.1,0.587,20242025
308.2,0.583,20242025
308.3,0.581,20242025
308.4,0.571,20242025
308.5,0.556,20242025
308.6,0.552,20242025
308.7,0.557,20242025
308.8,0.558,20242025
308.9,0.588,20242025
309.0,0.593,20242025
309.1,0.573,20242025
309.2,0.574,20242025
309.3,0.571,20242025
309.4,0.579,20242025
309.5,0.565,20242025
309.6,0.564,20242025
309.7,0.562,20242025
309.8,0.574,20242025
309.9,0.555,20242025
310.0,0.554,20242025
310.1,0.555,20242025
310.2,0.562,20242025
310.3,0.56,20242025
310.4,0.559,20242025
310.5,0.56,20242025
310.6,0.555,20242025
310.7,0.555,20242025
310.8,0.533,20242025
310.9,0.556,20242025
311.0,0.553,20242025
311.1,0.56,20242025
311.2,0.553,20242025
311.3,0.56,20242025
311.4,0.561,20242025
311.5,0.567,20242025
311.6,0.572,20242025
311.7,0.574,20242025
311.8,0.571,20242025
311.9,0.573,20242025
312.0,0.577,20242025
312.1,0.588,20242025
312.2,0.59,20242025
312.3,0.579,20242025
312.4,0.576,20242025
312.5,0.58,20242025
312.6,0.593,20242025
312.7,0.597,20242025
312.8,0.603,20242025
312.9,0.626,20242025
313.0,0.621,20242025
313.1,0.615,20242025
313.2,0.622,20242025
313.3,0.612,20242025
313.4,0.597,20242025
313.5,0.619,20242025
313.6,0.619,20242025
313.7,0.602,20242025
313.8,0.603,20242025
313.9,0.588,20242025
314.0,0.593,20242025
314.1,0.608,20242025
314.2,0.597,20242025
314.3,0.582,20242025
314.4,0.608,20242025
314.5,0.609,20242025
314.6,0.596,20242025
314.7,0.575,20242025
314.8,0.592,20242025
314.9,0.588,20242025
315.0,0.593,20242025
315.1,0.587,20242025
315.2,0.582,20242025
315.3,0.579,20242025
315.4,0.574,20242025
315.5,0.586,20242025
315.6,0.599,20242025
315.7,0.577,20242025
315.8,0.576,20242025
315.9,0.585,20242025
316.0,0.592,20242025
316.1,0.602,20242025
316.2,0.588,20242025
316.3,0.578,20242025
316.4,0.567,20242025
316.5,0.57,20242025
316.6,0.566,20242025
316.7,0.557,20242025
316.8,0.551,20242025
316.9,0.548,20242025
317.0,0.559,20242025
317.1,0.569,20242025
317.2,0.552,20242025
317.3,0.543,20242025
317.4,0.544,20242025
317.5,0.554,20242025
317.6,0.563,20242025
317.7,0.55,20242025
317.8,0.545,20242025
317.9,0.561,20242025
318.0,0.539,20242025
318.1,0.548,20242025
318.2,0.557,20242025
318.3,0.572,20242025
318.4,0.573,20242025
318.5,0.574,20242025
318.6,0.576,20242025
318.7,0.578,20242025
318.8,0.565,20242025
318.9,0.566,20242025
319.0,0.558,20242025
319.1,0.563,20242025
319.2,0.575,20242025
319.3,0.564,20242025
319.4,0.563,20242025
319.5,0.551,20242025
319.6,0.549,20242025
319.7,0.546,20242025
319.8,0.559,20242025
319.9,0.567,20242025
320.0,0.567,20242025
320.1,0.573,20242025
320.2,0.563,20242025
320.3,0.572,20242025
320.4,0.581,20242025
320.5,0.585,20242025
320.6,0.589,20242025
320.7,0.572,20242025
320.8,0.578,20242025
320.9,0.586,20242025
321.0,0.577,20242025
321.1,0.584,20242025
321.2,0.581,20242025
321.3,0.583,20242025
321.4,0.585,20242025
321.5,0.568,20242025
321.6,0.556,20242025
321.7,0.552,20242025
321.8,0.554,20242025
321.9,0.533,20242025
322.0,0.526,20242025
322.1,0.523,20242025
322.2,0.519,20242025
322.3,0.52,20242025
322.4,0.523,20242025
322.5,0.536,20242025
322.6,0.543,20242025
322.7,0.564,20242025
322.8,0.549,20242025
322.9,0.561,20242025
323.0,0.57,20242025
323.1,0.583,20242025
323.2,0.572,20242025
323.3,0.586,20242025
323.4,0.59,20242025
323.5,0.597,20242025
323.6,0.582,20242025
323.7,0.583,20242025
323.8,0.57,20242025
323.9,0.542,20242025
324.0,0.544,20242025
324.1,0.546,20242025
324.2,0.534,20242025
324.3,0.54,20242025
324.4,0.538,20242025
324.5,0.55,20242025
324.6,0.553,20242025
324.7,0.558,20242025
324.8,0.561,20242025
324.9,0.55,20242025
325.0,0.541,20242025
325.1,0.565,20242025
325.2,0.542,20242025
325.3,0.547,20242025
325.4,0.552,20242025
325.5,0.54,20242025
325.6,0.557,20242025
325.7,0.554,20242025
325.8,0.558,20242025
325.9,0.545,20242025
326.0,0.556,20242025
326.1,0.597,20242025
326.2,0.617,20242025
326.3,0.605,20242025
326.4,0.605,20242025
326.5,0.599,20242025
326.6,0.597,20242025
326.7,0.598,20242025
326.8,0.609,20242025
326.9,0.606,20242025
327.0,0.601,20242025
327.1,0.612,20242025
327.2,0.617,20242025
327.3,0.598,20242025
327.4,0.585,20242025
327.5,0.575,20242025
327.6,0.566,20242025
327.7,0.572,20242025
327.8,0.573,20242025
327.9,0.563,20242025
328.0,0.587,20242025
328.1,0.597,20242025
328.2,0.575,20242025
328.3,0.593,20242025
328.4,0.592,20242025
328.5,0.582,20242025
328.6,0.588,20242025
328.7,0.599,20242025
328.8,0.576,20242025
328.9,0.574,20242025
329.0,0.581,20242025
329.1,0.593,20242025
329.2,0.573,20242025
329.3,0.561,20242025
329.4,0.582,20242025
329.5,0.569,20242025
329.6,0.577,20242025
329.7,0.595,20242025
329.8,0.602,20242025
329.9,0.593,20242025
330.0,0.588,20242025
330.1,0.588,20242025
330.2,0.586,20242025
330.3,0.595,20242025
330.4,0.606,20242025
330.5,0.6,20242025
330.6,0.596,20242025
330.7,0.606,20242025
330.8,0.587,20242025
330.9,0.6,20242025
331.0,0.61,20242025
331.1,0.598,20242025
331.2,0.605,20242025
331.3,0.597,20242025
331.4,0.597,20242025
331.5,0.584,20242025
331.6,0.595,20242025
331.7,0.594,20242025
331.8,0.605,20242025
331.9,0.603,20242025
332.0,0.607,20242025
332.1,0.594,20242025
332.2,0.579,20242025
332.3,0.575,20242025
332.4,0.582,20242025
332.5,0.586,20242025
332.6,0.596,20242025
332.7,0.606,20242025
332.8,0.61,20242025
332.9,0.6,20242025
333.0,0.605,20242025
333.1,0.623,20242025
333.2,0.613,20242025
333.3,0.603,20242025
333.4,0.603,20242025
333.5,0.588,20242025
333.6,0.595,20242025
333.7,0.598,20242025
333.8,0.602,20242025
333.9,0.593,20242025
334.0,0.607,20242025
334.1,0.591,20242025
334.2,0.569,20242025
334.3,0.588,20242025
334.4,0.587,20242025
334.5,0.574,20242025
334.6,0.581,20242025
334.7,0.587,20242025
334.8,0.577,20242025
334.9,0.577,20242025
335.0,0.582,20242025
335.1,0.584,20242025
335.2,0.583,20242025
335.3,0.587,20242025
335.4,0.585,20242025
335.5,0.591,20242025
335.6,0.592,20242025
335.7,0.586,20242025
335.8,0.564,20242025
335.9,0.569,20242025
336.0,0.555,20242025
336.1,0.555,20242025
336.2,0.553,20242025
336.3,0.561,20242025
336.4,0.556,20242025
336.5,0.565,20242025
336.6,0.557,20242025
336.7,0.564,20242025
336.8,0.551,20242025
336.9,0.539,20242025
337.0,0.538,20242025
337.1,0.544,20242025
337.2,0.551,20242025
337.3,0.569,20242025
337.4,0.584,20242025
337.5,0.57,20242025
337.6,0.579,20242025
337.7,0.575,20242025
337.8,0.567,20242025
337.9,0.55,20242025
338.0,0.552,20242025
338.1,0.549,20242025
338.2,0.571,20242025
338.3,0.584,20242025
338.4,0.581,20242025
338.5,0.579,20242025
338.6,0.568,20242025
338.7,0.576,20242025
338.8,0.591,20242025
338.9,0.596,20242025
339.0,0.575,20242025
339.1,0.576,20242025
339.2,0.572,20242025
339.3,0.593,20242025
339.4,0.583,20242025
339.5,0.578,20242025
339.6,0.564,20242025
339.7,0.551,20242025
339.8,0.57,20242025
339.9,0.57,20242025
340.0,0.573,20242025
340.1,0.566,20242025
340.2,0.557,20242025
340.3,0.54,20242025
340.4,0.56,20242025
340.5,0.556,20242025
340.6,0.56,20242025
340.7,0.567,20242025
340.8,0.568,20242025
340.9,0.563,20242025
341.0,0.571,20242025
341.1,0.574,20242025
341.2,0.562,20242025
341.3,0.556,20242025
341.4,0.554,20242025
341.5,0.546,20242025
341.6,0.564,20242025
341.7,0.563,20242025
341.8,0.566,20242025
341.9,0.556,20242025
342.0,0.543,20242025
342.1,0.545,20242025
342.2,0.542,20242025
342.3,0.54,20242025
342.4,0.541,20242025
342.5,0.539,20242025
342.6,0.539,20242025
342.7,0.564,20242025
342.8,0.559,20242025
342.9,0.556,20242025
343.0,0.545,20242025
343.1,0.574,20242025
343.2,0.575,20242025
343.3,0.567,20242025
343.4,0.577,20242025
343.5,0.577,20242025
343.6,0.575,20242025
343.7,0.572,20242025
343.8,0.58,20242025
343.9,0.601,20242025
344.0,0.599,20242025
344.1,0.585,20242025
344.2,0.582,20242025
344.3,0.58,20242025
344.4,0.579,20242025
344.5,0.568,20242025
344.6,0.574,20242025
344.7,0.582,20242025
344.8,0.578,20242025
344.9,0.574,20242025
345.0,0.567,20242025
345.1,0.562,20242025
345.2,0.552,20242025
345.3,0.571,20242025
345.4,0.579,20242025
345.5,0.602,20242025
345.6,0.588,20242025
345.7,0.592,20242025
345.8,0.579,20242025
345.9,0.587,20242025
346.0,0.592,20242025
346.1,0.593,20242025
346.2,0.603,20242025
346.3,0.604,20242025
346.4,0.604,20242025
346.5,0.601,20242025
346.6,0.595,20242025
346.7,0.576,20242025
346.8,0.588,20242025
346.9,0.61,20242025
347.0,0.606,20242025
347.1,0.619,20242025
347.2,0.622,20242025
347.3,0.612,20242025
347.4,0.628,20242025
347.5,0.621,20242025
347.6,0.618,20242025
347.7,0.607,20242025
347.8,0.613,20242025
347.9,0.593,20242025
348.0,0.587,20242025
348.1,0.567,20242025
348.2,0.574,20242025
348.3,0.573,20242025
348.4,0.563,20242025
348.5,0.555,20242025
348.6,0.567,20242025
348.7,0.566,20242025
348.8,0.548,20242025
348.9,0.544,20242025
349.0,0.532,20242025
349.1,0.529,20242025
349.2,0.526,20242025
349.3,0.522,20242025
349.4,0.528,20242025
349.5,0.536,20242025
349.6,0.55,20242025
349.7,0.542,20242025
349.8,0.536,20242025
349.9,0.536,20242025
350.0,0.536,20242025
350.1,0.539,20242025
350.2,0.544,20242025
350.3,0.542,20242025
350.4,0.547,20242025
350.5,0.553,20242025
350.6,0.558,20242025
350.7,0.551,20242025
350.8,0.557,20242025
350.9,0.567,20242025
351.0,0.57,20242025
351.1,0.567,20242025
351.2,0.566,20242025
351.3,0.581,20242025
351.4,0.554,20242025
351.5,0.563,20242025
351.6,0.538,20242025
351.7,0.547,20242025
351.8,0.543,20242025
351.9,0.552,20242025
352.0,0.537,20242025
352.1,0.543,20242025
352.2,0.539,20242025
352.3,0.546,20242025
352.4,0.538,20242025
352.5,0.516,20242025
352.6,0.526,20242025
352.7,0.52,20242025
352.8,0.524,20242025
352.9,0.53,20242025
353.0,0.522,20242025
353.1,0.53,20242025
353.2,0.532,20242025
353.3,0.547,20242025
353.4,0.555,20242025
353.5,0.547,20242025
353.6,0.557,20242025
353.7,0.545,20242025
353.8,0.543,20242025
353.9,0.534,20242025
354.0,0.534,20242025
354.1,0.528,20242025
354.2,0.542,20242025
354.3,0.542,20242025
354.4,0.531,20242025
354.5,0.538,20242025
354.6,0.557,20242025
354.7,0.567,20242025
354.8,0.576,20242025
354.9,0.557,20242025
355.0,0.558,20242025
355.1,0.56,20242025
355.2,0.565,20242025
355.3,0.566,20242025
355.4,0.582,20242025
355.5,0.578,20242025
355.6,0.579,20242025
355.7,0.571,20242025
355.8,0.584,20242025
355.9,0.57,20242025
356.0,0.57,20242025
356.1,0.558,20242025
356.2,0.568,20242025
356.3,0.568,20242025
356.4,0.567,20242025
356.5,0.564,20242025
356.6,0.576,20242025
356.7,0.57,20242025
356.8,0.577,20242025
356.9,0.6,20242025
357.0,0.6,20242025
357.1,0.599,20242025
357.2,0.595,20242025
357.3,0.582,20242025
357.4,0.587,20242025
357.5,0.586,20242025
357.6,0.571,20242025
357.7,0.573,20242025
357.8,0.584,20242025
357.9,0.583,20242025
358.0,0.59,20242025
358.1,0.588,20242025
358.2,0.591,20242025
358.3,0.601,20242025
358.4,0.599,20242025
358.5,0.615,20242025
358.6,0.613,20242025
358.7,0.59,20242025
358.8,0.59,20242025
358.9,0.594,20242025
359.0,0.579,20242025
359.1,0.597,20242025
359.2,0.598,20242025
359.3,0.588,20242025
359.4,0.595,20242025
359.5,0.596,20242025
359.6,0.579,20242025
359.7,0.571,20242025
359.8,0.567,20242025
359.9,0.588,20242025
360.0,0.592,20242025
360.1,0.582,20242025
360.2,0.578,20242025
360.3,0.582,20242025
360.4,0.574,20242025
360.5,0.571,20242025
360.6,0.586,20242025
360.7,0.581,20242025
360.8,0.568,20242025
360.9,0.555,20242025
361.0,0.569,20242025
361.1,0.586,20242025
361.2,0.579,20242025
361.3,0.566,20242025
361.4,0.559,20242025
361.5,0.541,20242025
361.6,0.553,20242025
361.7,0.548,20242025
361.8,0.556,20242025
361.9,0.557,20242025
362.0,0.55,20242025
362.1,0.558,20242025
362.2,0.572,20242025
362.3,0.562,20242025
362.4,0.545,20242025
362.5,0.554,20242025
362.6,0.556,20242025
362.7,0.563,20242025
362.8,0.565,20242025
362.9,0.562,20242025
363.0,0.554,20242025
363.1,0.549,20242025
363.2,0.567,20242025
363.3,0.568,20242025
363.4,0.586,20242025
363.5,0.57,20242025
363.6,0.578,20242025
363.7,0.584,20242025
363.8,0.57,20242025
363.9,0.57,20242025
364.0,0.573,20242025
364.1,0.577,20242025
364.2,0.578,20242025
364.3,0.573,20242025
364.4,0.571,20242025
364.5,0.55,20242025
364.6,0.568,20242025
364.7,0.57,20242025
364.8,0.574,20242025
364.9,0.568,20242025
365.0,0.563,20242025
365.1,0.56,20242025
365.2,0.549,20242025
365.3,0.575,20242025
365.4,0.58,20242025
365.5,0.574,20242025
365.6,0.578,20242025
365.7,0.569,20242025
365.8,0.587,20242025
365.9,0.579,20242025
366.0,0.606,20242025
366.1,0.598,20242025
366.2,0.579,20242025
366.3,0.579,20242025
366.4,0.576,20242025
366.5,0.566,20242025
366.6,0.569,20242025
366.7,0.561,20242025
366.8,0.546,20242025
366.9,0.533,20242025
367.0,0.56,20242025
367.1,0.581,20242025
367.2,0.567,20242025
367.3,0.544,20242025
367.4,0.56,20242025
367.5,0.581,20242025
367.6,0.588,20242025
367.7,0.581,20242025
367.8,0.565,20242025
367.9,0.568,20242025
368.0,0.577,20242025
368.1,0.563,20242025
368.2,0.569,20242025
368.3,0.565,20242025
368.4,0.572,20242025
368.5,0.582,20242025
368.6,0.585,20242025
368.7,0.586,20242025
368.8,0.578,20242025
368.9,0.595,20242025
369.0,0.583,20242025
369.1,0.571,20242025
369.2,0.574,20242025
369.3,0.593,20242025
369.4,0.594,20242025
369.5,0.589,20242025
369.6,0.58,20242025
369.7,0.584,20242025
369.8,0.581,20242025
369.9,0.574,20242025
370.0,0.58,20242025
370.1,0.585,20242025
370.2,0.601,20242025
370.3,0.593,20242025
370.4,0.589,20242025
370.5,0.621,20242025
370.6,0.623,20242025
370.7,0.62,20242025
370.8,0.621,20242025
370.9,0.622,20242025
371.0,0.618,20242025
371.1,0.604,20242025
371.2,0.599,20242025
371.3,0.599,20242025
371.4,0.604,20242025
371.5,0.596,20242025
371.6,0.576,20242025
371.7,0.567,20242025
371.8,0.579,20242025
371.9,0.562,20242025
372.0,0.558,20242025
372.1,0.561,20242025
372.2,0.542,20242025
372.3,0.562,20242025
372.4,0.543,20242025
372.5,0.545,20242025
372.6,0.551,20242025
372.7,0.546,20242025
372.8,0.544,20242025
372.9,0.546,20242025
373.0,0.56,20242025
373.1,0.554,20242025
373.2,0.56,20242025
373.3,0.546,20242025
373.4,0.554,20242025
373.5,0.55,20242025
373.6,0.561,20242025
373.7,0.555,20242025
373.8,0.541,20242025
373.9,0.566,20242025
374.0,0.581,20242025
374.1,0.582,20242025
374.2,0.564,20242025
374.3,0.588,20242025
374.4,0.605,20242025
374.5,0.593,20242025
374.6,0.582,20242025
374.7,0.608,20242025
374.8,0.59,20242025
374.9,0.583,20242025
375.0,0.586,20242025
375.1,0.588,20242025
375.2,0.61,20242025
375.3,0.619,20242025
375.4,0.608,20242025
375.5,0.596,20242025
375.6,0.595,20242025
375.7,0.61,20242025
375.8,0.594,20242025
375.9,0.601,20242025
376.0,0.605,20242025
376.1,0.593,20242025
376.2,0.586,20242025
376.3,0.571,20242025
376.4,0.576,20242025
376.5,0.579,20242025
376.6,0.577,20242025
376.7,0.582,20242025
376.8,0.6,20242025
376.9,0.591,20242025
377.0,0.6,20242025
377.1,0.606,20242025
377.2,0.616,20242025
377.3,0.593,20242025
377.4,0.59,20242025
377.5,0.593,20242025
377.6,0.59,20242025
377.7,0.59,20242025
377.8,0.598,20242025
377.9,0.596,20242025
378.0,0.604,20242025
378.1,0.597,20242025
378.2,0.591,20242025
378.3,0.572,20242025
378.4,0.578,20242025
378.5,0.567,20242025
378.6,0.564,20242025
378.7,0.569,20242025
378.8,0.566,20242025
378.9,0.565,20242025
379.0,0.564,20242025
379.1,0.568,20242025
379.2,0.564,20242025
379.3,0.575,20242025
379.4,0.579,20242025
379.5,0.575,20242025
379.6,0.553,20242025
379.7,0.559,20242025
379.8,0.561,20242025
379.9,0.573,20242025
380.0,0.561,20242025
380.1,0.566,20242025
380.2,0.562,20242025
380.3,0.57,20242025
380.4,0.57,20242025
380.5,0.569,20242025
380.6,0.574,20242025
380.7,0.56,20242025
380.8,0.57,20242025
380.9,0.572,20242025
381.0,0.574,20242025
381.1,0.583,20242025
381.2,0.588,20242025
381.3,0.592,20242025
381.4,0.576,20242025
381.5,0.57,20242025
381.6,0.563,20242025
381.7,0.561,20242025
381.8,0.584,20242025
381.9,0.581,20242025
382.0,0.577,20242025
382.1,0.577,20242025
382.2,0.571,20242025
382.3,0.558,20242025
382.4,0.555,20242025
382.5,0.557,20242025
382.6,0.574,20242025
382.7,0.554,20242025
382.8,0.551,20242025
382.9,0.539,20242025
383.0,0.543,20242025
383.1,0.548,20242025
383.2,0.558,20242025
383.3,0.551,20242025
383.4,0.555,20242025
383.5,0.562,20242025
383.6,0.543,20242025
383.7,0.546,20242025
383.8,0.572,20242025
383.9,0.572,20242025
384.0,0.59,20242025
384.1,0.588,20242025
384.2,0.601,20242025
384.3,0.6,20242025
384.4,0.576,20242025
384.5,0.573,20242025
384.6,0.578,20242025
384.7,0.576,20242025
384.8,0.59,20242025
384.9,0.587,20242025
385.0,0.59,20242025
385.1,0.575,20242025
385.2,0.56,20242025
385.3,0.555,20242025
385.4,0.561,20242025
385.5,0.554,20242025
385.6,0.541,20242025
385.7,0.556,20242025
385.8,0.556,20242025
385.9,0.556,20242025
386.0,0.55,20242025
386.1,0.559,20242025
386.2,0.553,20242025
386.3,0.565,20242025
386.4,0.596,20242025
386.5,0.588,20242025
386.6,0.594,20242025
386.7,0.61,20242025
386.8,0.597,20242025
386.9,0.597,20242025
387.0,0.581,20242025
387.1,0.595,20242025
387.2,0.599,20242025
387.3,0.591,20242025
387.4,0.585,20242025
387.5,0.598,20242025
387.6,0.593,20242025
387.7,0.587,20242025
387.8,0.588,20242025
387.9,0.596,20242025
388.0,0.593,20242025
388.1,0.585,20242025
388.2,0.576,20242025
388.3,0.569,20242025
388.4,0.575,20242025
388.5,0.573,20242025
388.6,0.572,20242025
388.7,0.572,20242025
388.8,0.566,20242025
388.9,0.551,20242025
389.0,0.555,20242025
389.1,0.555,20242025
389.2,0.551,20242025
389.3,0.551,20242025
389.4,0.554,20242025
389.5,0.559,20242025
389.6,0.559,20242025
389.7,0.562,20242025
389.8,0.592,20242025
389.9,0.599,20242025
390.0,0.586,20242025
390.1,0.598,20242025
390.2,0.594,20242025
390.3,0.583,20242025
390.4,0.565,20242025
390.5,0.548,20242025
390.6,0.555,20242025
390.7,0.556,20242025
390.8,0.561,20242025
390.9,0.556,20242025
391.0,0.557,20242025
391.1,0.573,20242025
391.2,0.575,20242025
391.3,0.577,20242025
391.4,0.58,20242025
391.5,0.587,20242025
391.6,0.577,20242025
391.7,0.582,20242025
391.8,0.577,20242025
391.9,0.568,20242025
392.0,0.555,20242025
392.1,0.541,20242025
392.2,0.561,20242025
392.3,0.567,20242025
392.4,0.582,20242025
392.5,0.574,20242025
392.6,0.579,20242025
392.7,0.588,20242025
392.8,0.59,20242025
392.9,0.575,20242025
393.0,0.583,20242025
393.1,0.576,20242025
393.2,0.564,20242025
393.3,0.566,20242025
393.4,0.575,20242025
393.5,0.552,20242025
393.6,0.564,20242025
393.7,0.568,20242025
393.8,0.565,20242025
393.9,0.586,20242025
394.0,0.579,20242025
394.1,0.58,20242025
394.2,0.582,20242025
394.3,0.589,20242025
394.4,0.591,20242025
394.5,0.586,20242025
394.6,0.581,20242025
394.7,0.588,20242025
394.8,0.562,20242025
394.9,0.564,20242025
395.0,0.556,20242025
395.1,0.561,20242025
395.2,0.563,20242025
395.3,0.555,20242025
395.4,0.546,20242025
395.5,0.551,20242025
395.6,0.571,20242025
395.7,0.574,20242025
395.8,0.574,20242025
395.9,0.578,20242025
396.0,0.594,20242025
396.1,0.587,20242025
396.2,0.567,20242025
396.3,0.581,20242025
396.4,0.585,20242025
396.5,0.585,20242025
396.6,0.58,20242025
396.7,0.59,20242025
396.8,0.582,20242025
396.9,0.576,20242025
397.0,0.588,20242025
397.1,0.578,20242025
397.2,0.582,20242025
397.3,0.566,20242025
397.4,0.572,20242025
397.5,0.586,20242025
397.6,0.589,20242025
397.7,0.588,20242025
397.8,0.582,20242025
397.9,0.586,20242025
398.0,0.574,20242025
398.1,0.577,20242025
398.2,0.577,20242025
398.3,0.588,20242025
398.4,0.572,20242025
398.5,0.579,20242025
398.6,0.576,20242025
398.7,0.574,20242025
398.8,0.578,20242025
398.9,0.578,20242025
399.0,0.58,20242025
399.1,0.579,20242025
399.2,0.584,20242025
399.3,0.582,20242025
399.4,0.586,20242025
399.5,0.597,20242025
399.6,0.589,20242025
399.7,0.564,20242025
399.8,0.557,20242025
399.9,0.564,20242025
400.0,0.556,20242025
400.1,0.583,20242025
400.2,0.58,20242025
400.3,0.58,20242025
400.4,0.575,20242025
400.5,0.582,20242025
400.6,0.574,20242025
400.7,0.593,20242025
400.8,0.581,20242025
400.9,0.569,20242025
401.0,0.594,20242025
401.1,0.596,20242025
401.2,0.594,20242025
401.3,0.603,20242025
401.4,0.603,20242025
401.5,0.599,20242025
401.6,0.581,20242025
401.7,0.589,20242025
401.8,0.589,20242025
401.9,0.591,20242025
402.0,0.59,20242025
402.1,0.603,20242025
402.2,0.596,20242025
402.3,0.587,20242025
402.4,0.596,20242025
402.5,0.596,20242025
402.6,0.584,20242025
402.7,0.58,20242025
402.8,0.573,20242025
402.9,0.567,20242025
403.0,0.555,20242025
403.1,0.537,20242025
403.2,0.544,20242025
403.3,0.55,20242025
403.4,0.558,20242025
403.5,0.55,20242025
403.6,0.563,20242025
403.7,0.567,20242025
403.8,0.55,20242025
403.9,0.571,20242025
404.0,0.588,20242025
404.1,0.594,20242025
404.2,0.605,20242025
404.3,0.594,20242025
404.4,0.573,20242025
404.5,0.58,20242025
404.6,0.574,20242025
404.7,0.565,20242025
404.8,0.553,20242025
404.9,0.538,20242025
405.0,0.535,20242025
405.1,0.552,20242025
405.2,0.552,20242025
405.3,0.573,20242025
405.4,0.565,20242025
405.5,0.56,20242025
405.6,0.571,20242025
405.7,0.567,20242025
405.8,0.563,20242025
405.9,0.566,20242025
406.0,0.565,20242025
406.1,0.577,20242025
406.2,0.583,20242025
406.3,0.582,20242025
406.4,0.556,20242025
406.5,0.559,20242025
406.6,0.564,20242025
406.7,0.575,20242025
406.8,0.595,20242025
406.9,0.575,20242025
407.0,0.568,20242025
407.1,0.567,20242025
407.2,0.563,20242025
407.3,0.563,20242025
407.4,0.561,20242025
407.5,0.568,20242025
407.6,0.555,20242025
407.7,0.572,20242025
407.8,0.565,20242025
407.9,0.572,20242025
408.0,0.575,20242025
408.1,0.563,20242025
408.2,0.554,20242025
408.3,0.548,20242025
408.4,0.551,20242025
408.5,0.555,20242025
408.6,0.558,20242025
408.7,0.564,20242025
408.8,0.539,20242025
408.9,0.541,20242025
409.0,0.528,20242025
409.1,0.53,20242025
409.2,0.537,20242025
409.3,0.545,20242025
409.4,0.534,20242025
409.5,0.525,20242025
409.6,0.523,20242025
409.7,0.515,20242025
409.8,0.519,20242025
409.9,0.498,20242025
410.0,0.523,20242025
410.1,0.521,20242025
410.2,0.52,20242025
410.3,0.504,20242025
410.4,0.528,20242025
410.5,0.536,20242025
410.6,0.539,20242025
410.7,0.544,20242025
410.8,0.558,20242025
410.9,0.546,20242025
411.0,0.536,20242025
411.1,0.533,20242025
411.2,0.52,20242025
411.3,0.528,20242025
411.4,0.54,20242025
411.5,0.547,20242025
411.6,0.573,20242025
411.7,0.572,20242025
411.8,0.573,20242025
411.9,0.581,20242025
412.0,0.577,20242025
412.1,0.557,20242025
412.2,0.536,20242025
412.3,0.553,20242025
412.4,0.55,20242025
412.5,0.556,20242025
412.6,0.565,20242025
412.7,0.548,20242025
412.8,0.574,20242025
412.9,0.574,20242025
413.0,0.579,20242025
413.1,0.59,20242025
413.2,0.581,20242025
413.3,0.573,20242025
413.4,0.587,20242025
413.5,0.567,20242025
413.6,0.551,20242025
413.7,0.539,20242025
413.8,0.56,20242025
413.9,0.555,20242025
414.0,0.577,20242025
414.1,0.582,20242025
414.2,0.578,20242025
414.3,0.576,20242025
414.4,0.566,20242025
414.5,0.56,20242025
414.6,0.573,20242025
414.7,0.568,20242025
414.8,0.587,20242025
414.9,0.598,20242025
415.0,0.59,20242025
415.1,0.595,20242025
415.2,0.599,20242025
415.3,0.59,20242025
415.4,0.607,20242025
415.5,0.615,20242025
415.6,0.606,20242025
415.7,0.587,20242025
415.8,0.584,20242025
415.9,0.598,20242025
416.0,0.591,20242025
416.1,0.605,20242025
416.2,0.617,20242025
416.3,0.614,20242025
416.4,0.603,20242025
416.5,0.612,20242025
416.6,0.608,20242025
416.7,0.612,20242025
416.8,0.596,20242025
416.9,0.599,20242025
417.0,0.609,20242025
417.1,0.604,20242025
417.2,0.6,20242025
417.3,0.597,20242025
417.4,0.59,20242025
417.5,0.598,20242025
417.6,0.589,20242025
417.7,0.607,20242025
417.8,0.598,20242025
417.9,0.595,20242025
418.0,0.586,20242025
418.1,0.6,20242025
418.2,0.609,20242025
418.3,0.609,20242025
418.4,0.598,20242025
418.5,0.593,20242025
418.6,0.587,20242025
418.7,0.6,20242025
418.8,0.604,20242025
418.9,0.591,20242025
419.0,0.584,20242025
419.1,0.57,20242025
419.2,0.571,20242025
419.3,0.581,20242025
419.4,0.584,20242025
419.5,0.583,20242025
419.6,0.568,20242025
419.7,0.571,20242025
419.8,0.581,20242025
419.9,0.593,20242025
420.0,0.601,20242025
420.1,0.586,20242025
420.2,0.598,20242025
420.3,0.595,20242025
420.4,0.598,20242025
420.5,0.598,20242025
420.6,0.589,20242025
420.7,0.582,20242025
420.8,0.592,20242025
420.9,0.599,20242025
421.0,0.586,20242025
421.1,0.599,20242025
421.2,0.604,20242025
421.3,0.615,20242025
421.4,0.604,20242025
421.5,0.607,20242025
421.6,0.602,20242025
421.7,0.605,20242025
421.8,0.599,20242025
421.9,0.591,20242025
422.0,0.59,20242025
422.1,0.582,20242025
422.2,0.584,20242025
422.3,0.593,20242025
422.4,0.581,20242025
422.5,0.574,20242025
422.6,0.568,20242025
422.7,0.582,20242025
422.8,0.595,20242025
422.9,0.585,20242025
423.0,0.601,20242025
423.1,0.58,20242025
423.2,0.589,20242025
423.3,0.58,20242025
423.4,0.565,20242025
423.5,0.566,20242025
423.6,0.562,20242025
423.7,0.565,20242025
423.8,0.556,20242025
423.9,0.557,20242025
424.0,0.566,20242025
424.1,0.573,20242025
424.2,0.569,20242025
424.3,0.579,20242025
424.4,0.597,20242025
424.5,0.6,20242025
424.6,0.601,20242025
424.7,0.609,20242025
424.8,0.594,20242025
424.9,0.592,20242025
425.0,0.606,20242025
425.1,0.599,20242025
425.2,0.595,20242025
425.3,0.597,20242025
425.4,0.603,20242025
425.5,0.586,20242025
425.6,0.583,20242025
425.7,0.569,20242025
425.8,0.565,20242025
425.9,0.568,20242025
426.0,0.578,20242025
426.1,0.594,20242025
426.2,0.605,20242025
426.3,0.603,20242025
426.4,0.611,20242025
426.5,0.596,20242025
426.6,0.587,20242025
426.7,0.592,20242025
426.8,0.608,20242025
426.9,0.607,20242025
427.0,0.588,20242025
427.1,0.584,20242025
427.2,0.582,20242025
427.3,0.6,20242025
427.4,0.582,20242025
427.5,0.589,20242025
427.6,0.593,20242025
427.7,0.588,20242025
427.8,0.591,20242025
427.9,0.601,20242025
428.0,0.604,20242025
428.1,0.598,20242025
428.2,0.587,20242025
428.3,0.57,20242025
428.4,0.556,20242025
428.5,0.566,20242025
428.6,0.582,20242025
428.7,0.573,20242025
428.8,0.585,20242025
428.9,0.586,20242025
429.0,0.581,20242025
429.1,0.582,20242025
429.2,0.57,20242025
429.3,0.574,20242025
429.4,0.573,20242025
429.5,0.563,20242025
429.6,0.561,20242025
429.7,0.57,20242025
429.8,0.578,20242025
429.9,0.568,20242025
430.0,0.565,20242025
430.1,0.566,20242025
430.2,0.585,20242025
430.3,0.578,20242025
430.4,0.583,20242025
430.5,0.583,20242025
430.6,0.594,20242025
430.7,0.578,20242025
430.8,0.582,20242025
430.9,0.594,20242025
431.0,0.573,20242025
431.1,0.58,20242025
431.2,0.581,20242025
431.3,0.576,20242025
431.4,0.566,20242025
431.5,0.588,20242025
431.6,0.573,20242025
431.7,0.591,20242025
431.8,0.597,20242025
431.9,0.599,20242025
432.0,0.593,20242025
432.1,0.6,20242025
432.2,0.605,20242025
432.3,0.608,20242025
432.4,0.611,20242025
432.5,0.595,20242025
432.6,0.599,20242025
432.7,0.592,20242025
432.8,0.571,20242025
432.9,0.59,20242025
433.0,0.58,20242025
433.1,0.591,20242025
433.2,0.591,20242025
433.3,0.573,20242025
433.4,0.558,20242025
433.5,0.554,20242025
433.6,0.559,20242025
433.7,0.547,20242025
433.8,0.551,20242025
433.9,0.544,20242025
434.0,0.522,20242025
434.1,0.548,20242025
434.2,0.549,20242025
434.3,0.572,20242025
434.4,0.578,20242025
434.5,0.578,20242025
434.6,0.559,20242025
434.7,0.58,20242025
434.8,0.587,20242025
434.9,0.605,20242025
435.0,0.617,20242025
435.1,0.601,20242025
435.2,0.604,20242025
435.3,0.604,20242025
435.4,0.598,20242025
435.5,0.601,20242025
435.6,0.624,20242025
435.7,0.621,20242025
435.8,0.615,20242025
435.9,0.593,20242025
436.0,0.586,20242025
436.1,0.597,20242025
436.2,0.596,20242025
436.3,0.586,20242025
436.4,0.595,20242025
436.5,0.587,20242025
436.6,0.584,20242025
436.7,0.572,20242025
436.8,0.573,20242025
436.9,0.563,20242025
437.0,0.584,20242025
437.1,0.574,20242025
437.2,0.567,20242025
437.3,0.58,20242025
437.4,0.581,20242025
437.5,0.581,20242025
437.6,0.579,20242025
437.7,0.567,20242025
437.8,0.563,20242025
437.9,0.549,20242025
438.0,0.549,20242025
438.1,0.552,20242025
438.2,0.56,20242025
438.3,0.543,20242025
438.4,0.549,20242025
438.5,0.548,20242025
438.6,0.537,20242025
438.7,0.545,20242025
438.8,0.544,20242025
438.9,0.553,20242025
439.0,0.54,20242025
439.1,0.544,20242025
439.2,0.564,20242025
439.3,0.553,20242025
439.4,0.548,20242025
439.5,0.546,20242025
439.6,0.559,20242025
439.7,0.562,20242025
439.8,0.566,20242025
439.9,0.575,20242025
440.0,0.557,20242025
440.1,0.566,20242025
440.2,0.583,20242025
440.3,0.595,20242025
440.4,0.607,20242025
440.5,0.604,20242025
440.6,0.617,20242025
440.7,0.617,20242025
440.8,0.605,20242025
440.9,0.594,20242025
441.0,0.592,20242025
441.1,0.605,20242025
441.2,0.595,20242025
441.3,0.578,20242025
441.4,0.588,20242025
441.5,0.581,20242025
441.6,0.594,20242025
441.7,0.583,20242025
441.8,0.582,20242025
441.9,0.571,20242025
442.0,0.555,20242025
442.1,0.555,20242025
442.2,0.562,20242025
442.3,0.564,20242025
442.4,0.588,20242025
442.5,0.586,20242025
442.6,0.571,20242025
442.7,0.567,20242025
442.8,0.555,20242025
442.9,0.553,20242025
443.0,0.565,20242025
443.1,0.574,20242025
443.2,0.589,20242025
443.3,0.587,20242025
443.4,0.58,20242025
443.5,0.59,20242025
443.6,0.573,20242025
443.7,0.592,20242025
443.8,0.598,20242025
443.9,0.585,20242025
444.0,0.573,20242025
444.1,0.573,20242025
444.2,0.578,20242025
444.3,0.575,20242025
444.4,0.576,20242025
444.5,0.587,20242025
444.6,0.585,20242025
444.7,0.567,20242025
444.8,0.567,20242025
444.9,0.581,20242025
445.0,0.573,20242025
445.1,0.556,20242025
445.2,0.56,20242025
445.3,0.549,20242025
445.4,0.559,20242025
445.5,0.547,20242025
445.6,0.564,20242025
445.7,0.56,20242025
445.8,0.57,20242025
445.9,0.582,20242025
446.0,0.587,20242025
446.1,0.574,20242025
446.2,0.563,20242025
446.3,0.556,20242025
446.4,0.567,20242025
446.5,0.564,20242025
446.6,0.567,20242025
446.7,0.577,20242025
446.8,0.594,20242025
446.9,0.571,20242025
447.0,0.562,20242025
447.1,0.562,20242025
447.2,0.562,20242025
447.3,0.569,20242025
447.4,0.581,20242025
447.5,0.573,20242025
447.6,0.578,20242025
447.7,0.574,20242025
447.8,0.569,20242025
447.9,0.577,20242025
448.0,0.569,20242025
448.1,0.57,20242025
448.2,0.589,20242025
448.3,0.573,20242025
448.4,0.56,20242025
448.5,0.549,20242025
448.6,0.545,20242025
448.7,0.553,20242025
448.8,0.561,20242025
448.9,0.562,20242025
449.0,0.567,20242025
449.1,0.56,20242025
449.2,0.581,20242025
449.3,0.582,20242025
449.4,0.565,20242025
449.5,0.57,20242025
449.6,0.556,20242025
449.7,0.564,20242025
449.8,0.564,20242025
449.9,0.551,20242025
450.0,0.556,20242025
450.1,0.556,20242025
450.2,0.547,20242025
450.3,0.555,20242025
450.4,0.549,20242025
450.5,0.552,20242025
450.6,0.559,20242025
450.7,0.569,20242025
450.8,0.568,20242025
450.9,0.548,20242025
451.0,0.551,20242025
451.1,0.554,20242025
451.2,0.552,20242025
451.3,0.533,20242025
451.4,0.54,20242025
451.5,0.544,20242025
451.6,0.545,20242025
451.7,0.544,20242025
451.8,0.541,20242025
451.9,0.542,20242025
452.0,0.533,20242025
452.1,0.537,20242025
452.2,0.563,20242025
452.3,0.561,20242025
452.4,0.555,20242025
452.5,0.566,20242025
452.6,0.574,20242025
452.7,0.582,20242025
452.8,0.589,20242025
452.9,0.585,20242025
453.0,0.577,20242025
453.1,0.554,20242025
453.2,0.567,20242025
453.3,0.537,20242025
453.4,0.556,20242025
453.5,0.553,20242025
453.6,0.563,20242025
453.7,0.571,20242025
453.8,0.584,20242025
453.9,0.588,20242025
454.0,0.581,20242025
454.1,0.575,20242025
454.2,0.555,20242025
454.3,0.562,20242025
454.4,0.558,20242025
454.5,0.571,20242025
454.6,0.577,20242025
454.7,0.573,20242025
454.8,0.598,20242025
454.9,0.595,20242025
455.0,0.583,20242025
455.1,0.599,20242025
455.2,0.597,20242025
455.3,0.595,20242025
455.4,0.592,20242025
455.5,0.586,20242025
455.6,0.589,20242025
455.7,0.588,20242025
455.8,0.558,20242025
455.9,0.566,20242025
456.0,0.569,20242025
456.1,0.569,20242025
456.2,0.575,20242025
456.3,0.576,20242025
456.4,0.575,20242025
456.5,0.571,20242025
456.6,0.581,20242025
456.7,0.571,20242025
456.8,0.585,20242025
456.9,0.592,20242025
457.0,0.579,20242025
457.1,0.58,20242025
457.2,0.597,20242025
457.3,0.609,20242025
457.4,0.589,20242025
457.5,0.574,20242025
457.6,0.576,20242025
457.7,0.581,20242025
457.8,0.588,20242025
457.9,0.589,20242025
458.0,0.583,20242025
458.1,0.581,20242025
458.2,0.586,20242025
458.3,0.579,20242025
458.4,0.566,20242025
458.5,0.582,20242025
458.6,0.576,20242025
458.7,0.559,20242025
458.8,0.576,20242025
458.9,0.584,20242025
459.0,0.588,20242025
459.1,0.591,20242025
459.2,0.611,20242025
459.3,0.607,20242025
459.4,0.602,20242025
459.5,0.592,20242025
459.6,0.576,20242025
459.7,0.596,20242025
459.8,0.576,20242025
459.9,0.564,20242025
460.0,0.573,20242025
460.1,0.567,20242025
460.2,0.576,20242025
460.3,0.589,20242025
460.4,0.57,20242025
460.5,0.568,20242025
460.6,0.564,20242025
460.7,0.548,20242025
460.8,0.528,20242025
460.9,0.543,20242025
461.0,0.555,20242025
461.1,0.552,20242025
461.2,0.562,20242025
461.3,0.547,20242025
461.4,0.539,20242025
461.5,0.544,20242025
461.6,0.53,20242025
461.7,0.563,20242025
461.8,0.557,20242025
461.9,0.548,20242025
462.0,0.553,20242025
462.1,0.546,20242025
462.2,0.557,20242025
462.3,0.569,20242025
462.4,0.56,20242025
462.5,0.578,20242025
462.6,0.57,20242025
462.7,0.576,20242025
462.8,0.567,20242025
462.9,0.582,20242025
463.0,0.568,20242025
463.1,0.558,20242025
463.2,0.554,20242025
463.3,0.557,20242025
463.4,0.552,20242025
463.5,0.543,20242025
463.6,0.537,20242025
463.7,0.556,20242025
463.8,0.559,20242025
463.9,0.568,20242025
464.0,0.572,20242025
464.1,0.548,20242025
464.2,0.556,20242025
464.3,0.574,20242025
464.4,0.562,20242025
464.5,0.576,20242025
464.6,0.56,20242025
464.7,0.571,20242025
464.8,0.586,20242025
464.9,0.597,20242025
465.0,0.585,20242025
465.1,0.585,20242025
465.2,0.597,20242025
465.3,0.609,20242025
465.4,0.605,20242025
465.5,0.601,20242025
465.6,0.588,20242025
465.7,0.577,20242025
465.8,0.578,20242025
465.9,0.556,20242025
466.0,0.544,20242025
466.1,0.521,20242025
466.2,0.537,20242025
466.3,0.564,20242025
466.4,0.565,20242025
466.5,0.562,20242025
466.6,0.599,20242025
466.7,0.573,20242025
466.8,0.576,20242025
466.9,0.592,20242025
467.0,0.575,20242025
467.1,0.562,20242025
467.2,0.557,20242025
467.3,0.555,20242025
467.4,0.555,20242025
467.5,0.562,20242025
467.6,0.576,20242025
467.7,0.557,20242025
467.8,0.561,20242025
467.9,0.558,20242025
468.0,0.558,20242025
468.1,0.566,20242025
468.2,0.539,20242025
468.3,0.551,20242025
468.4,0.546,20242025
468.5,0.547,20242025
468.6,0.551,20242025
468.7,0.566,20242025
468.8,0.567,20242025
468.9,0.581,20242025
469.0,0.582,20242025
469.1,0.582,20242025
469.2,0.578,20242025
469.3,0.574,20242025
469.4,0.582,20242025
469.5,0.589,20242025
469.6,0.587,20242025
469.7,0.58,20242025
469.8,0.586,20242025
469.9,0.59,20242025
470.0,0.583,20242025
470.1,0.58,20242025
470.2,0.571,20242025
470.3,0.588,20242025
470.4,0.592,20242025
470.5,0.6,20242025
470.6,0.569,20242025
470.7,0.579,20242025
470.8,0.577,20242025
470.9,0.581,20242025
471.0,0.594,20242025
471.1,0.582,20242025
471.2,0.585,20242025
471.3,0.583,20242025
471.4,0.574,20242025
471.5,0.584,20242025
471.6,0.586,20242025
471.7,0.574,20242025
471.8,0.572,20242025
471.9,0.576,20242025
472.0,0.569,20242025
472.1,0.59,20242025
472.2,0.597,20242025
472.3,0.589,20242025
472.4,0.581,20242025
472.5,0.59,20242025
472.6,0.572,20242025
472.7,0.57,20242025
472.8,0.562,20242025
472.9,0.559,20242025
473.0,0.553,20242025
473.1,0.538,20242025
473.2,0.545,20242025
473.3,0.548,20242025
473.4,0.548,20242025
473.5,0.538,20242025
473.6,0.532,20242025
473.7,0.533,20242025
473.8,0.545,20242025
473.9,0.56,20242025
474.0,0.556,20242025
474.1,0.57,20242025
474.2,0.577,20242025
474.3,0.58,20242025
474.4,0.575,20242025
474.5,0.566,20242025
474.6,0.563,20242025
474.7,0.562,20242025
474.8,0.583,20242025
474.9,0.593,20242025
475.0,0.592,20242025
475.1,0.581,20242025
475.2,0.585,20242025
475.3,0.594,20242025
475.4,0.573,20242025
475.5,0.563,20242025
475.6,0.57,20242025
475.7,0.559,20242025
475.8,0.568,20242025
475.9,0.564,20242025
476.0,0.565,20242025
476.1,0.558,20242025
476.2,0.545,20242025
476.3,0.572,20242025
476.4,0.562,20242025
476.5,0.565,20242025
476.6,0.573,20242025
476.7,0.587,20242025
476.8,0.588,20242025
476.9,0.572,20242025
477.0,0.574,20242025
477.1,0.571,20242025
477.2,0.561,20242025
477.3,0.562,20242025
477.4,0.55,20242025
477.5,0.539,20242025
477.6,0.555,20242025
477.7,0.556,20242025
477.8,0.542,20242025
477.9,0.54,20242025
478.0,0.554,20242025
478.1,0.556,20242025
478.2,0.557,20242025
478.3,0.551,20242025
478.4,0.536,20242025
478.5,0.532,20242025
478.6,0.541,20242025
478.7,0.549,20242025
478.8,0.554,20242025
478.9,0.572,20242025
479.0,0.571,20242025
479.1,0.574,20242025
479.2,0.575,20242025
479.3,0.572,20242025
479.4,0.576,20242025
479.5,0.578,20242025
479.6,0.586,20242025
479.7,0.587,20242025
479.8,0.599,20242025
479.9,0.611,20242025
480.0,0.596,20242025
480.1,0.577,20242025
480.2,0.586,20242025
480.3,0.58,20242025
480.4,0.577,20242025
480.5,0.573,20242025
480.6,0.578,20242025
480.7,0.585,20242025
480.8,0.583,20242025
480.9,0.572,20242025
481.0,0.555,20242025
481.1,0.555,20242025
481.2,0.553,20242025
481.3,0.541,20242025
481.4,0.549,20242025
481.5,0.563,20242025
481.6,0.552,20242025
481.7,0.535,20242025
481.8,0.553,20242025
481.9,0.55,20242025
482.0,0.57,20242025
482.1,0.583,20242025
482.2,0.585,20242025
482.3,0.591,20242025
482.4,0.604,20242025
482.5,0.605,20242025
482.6,0.605,20242025
482.7,0.616,20242025
482.8,0.614,20242025
482.9,0.609,20242025
483.0,0.599,20242025
483.1,0.589,20242025
483.2,0.606,20242025
483.3,0.602,20242025
483.4,0.605,20242025
483.5,0.589,20242025
483.6,0.589,20242025
483.7,0.602,20242025
483.8,0.604,20242025
483.9,0.601,20242025
484.0,0.596,20242025
484.1,0.591,20242025
484.2,0.591,20242025
484.3,0.59,20242025
484.4,0.595,20242025
484.5,0.602,20242025
484.6,0.595,20242025
484.7,0.598,20242025
484.8,0.593,20242025
484.9,0.591,20242025
485.0,0.591,20242025
485.1,0.593,20242025
485.2,0.588,20242025
485.3,0.578,20242025
485.4,0.589,20242025
485.5,0.576,20242025
485.6,0.574,20242025
485.7,0.58,20242025
485.8,0.589,20242025
485.9,0.61,20242025
486.0,0.607,20242025
486.1,0.606,20242025
486.2,0.613,20242025
486.3,0.611,20242025
486.4,0.609,20242025
486.5,0.586,20242025
486.6,0.592,20242025
486.7,0.572,20242025
486.8,0.569,20242025
486.9,0.577,20242025
487.0,0.576,20242025
487.1,0.581,20242025
487.2,0.565,20242025
487.3,0.556,20242025
487.4,0.549,20242025
487.5,0.53,20242025
487.6,0.524,20242025
487.7,0.532,20242025
487.8,0.535,20242025
487.9,0.545,20242025
488.0,0.536,20242025
488.1,0.536,20242025
488.2,0.547,20242025
488.3,0.537,20242025
488.4,0.556,20242025
488.5,0.554,20242025
488.6,0.563,20242025
488.7,0.58,20242025
488.8,0.589,20242025
488.9,0.582,20242025
489.0,0.586,20242025
489.1,0.571,20242025
489.2,0.574,20242025
489.3,0.574,20242025
489.4,0.586,20242025
489.5,0.581,20242025
489.6,0.577,20242025
489.7,0.577,20242025
489.8,0.58,20242025
489.9,0.569,20242025
490.0,0.571,20242025
490.1,0.557,20242025
490.2,0.557,20242025
490.3,0.542,20242025
490.4,0.556,20242025
490.5,0.56,20242025
490.6,0.552,20242025
490.7,0.568,20242025
490.8,0.575,20242025
490.9,0.57,20242025
491.0,0.579,20242025
491.1,0.57,20242025
491.2,0.571,20242025
491.3,0.569,20242025
491.4,0.577,20242025
491.5,0.572,20242025
491.6,0.57,20242025
491.7,0.575,20242025
491.8,0.579,20242025
491.9,0.582,20242025
492.0,0.583,20242025
492.1,0.592,20242025
492.2,0.588,20242025
492.3,0.588,20242025
492.4,0.583,20242025
492.5,0.595,20242025
492.6,0.585,20242025
492.7,0.578,20242025
492.8,0.552,20242025
492.9,0.54,20242025
493.0,0.534,20242025
493.1,0.55,20242025
493.2,0.558,20242025
493.3,0.539,20242025
493.4,0.545,20242025
493.5,0.549,20242025
493.6,0.548,20242025
493.7,0.548,20242025
493.8,0.549,20242025
493.9,0.556,20242025
494.0,0.549,20242025
494.1,0.537,20242025
494.2,0.539,20242025
494.3,0.547,20242025
494.4,0.533,20242025
494.5,0.538,20242025
494.6,0.555,20242025
494.7,0.563,20242025
494.8,0.557,20242025
494.9,0.565,20242025
495.0,0.567,20242025
495.1,0.559,20242025
495.2,0.555,20242025
495.3,0.542,20242025
495.4,0.546,20242025
495.5,0.55,20242025
495.6,0.541,20242025
495.7,0.55,20242025
495.8,0.546,20242025
495.9,0.556,20242025
496.0,0.561,20242025
496.1,0.566,20242025
496.2,0.55,20242025
496.3,0.54,20242025
496.4,0.545,20242025
496.5,0.545,20242025
496.6,0.547,20242025
496.7,0.547,20242025
496.8,0.538,20242025
496.9,0.55,20242025
497.0,0.543,20242025
497.1,0.549,20242025
497.2,0.546,20242025
497.3,0.548,20242025
497.4,0.557,20242025
497.5,0.561,20242025
497.6,0.565,20242025
497.7,0.55,20242025
497.8,0.547,20242025
497.9,0.547,20242025
498.0,0.543,20242025
498.1,0.543,20242025
498.2,0.542,20242025
498.3,0.533,20242025
498.4,0.545,20242025
498.5,0.531,20242025
498.6,0.538,20242025
498.7,0.54,20242025
498.8,0.541,20242025
498.9,0.541,20242025
499.0,0.557,20242025
499.1,0.548,20242025
499.2,0.535,20242025
499.3,0.549,20242025
499.4,0.558,20242025
499.5,0.553,20242025
499.6,0.547,20242025
499.7,0.543,20242025
499.8,0.542,20242025
499.9,0.531,20242025
500.0,0.538,20242025
500.1,0.534,20242025
500.2,0.541,20242025
500.3,0.565,20242025
500.4,0.573,20242025
500.5,0.563,20242025
500.6,0.566,20242025
500.7,0.564,20242025
500.8,0.559,20242025
500.9,0.558,20242025
501.0,0.552,20242025
501.1,0.556,20242025
501.2,0.563,20242025
501.3,0.555,20242025
501.4,0.552,20242025
501.5,0.554,20242025
501.6,0.552,20242025
501.7,0.547,20242025
501.8,0.536,20242025
501.9,0.538,20242025
502.0,0.547,20242025
502.1,0.546,20242025
502.2,0.556,20242025
502.3,0.558,20242025
502.4,0.568,20242025
502.5,0.564,20242025
502.6,0.558,20242025
502.7,0.569,20242025
502.8,0.563,20242025
502.9,0.559,20242025
503.0,0.557,20242025
503.1,0.57,20242025
503.2,0.567,20242025
503.3,0.577,20242025
503.4,0.583,20242025
503.5,0.577,20242025
503.6,0.574,20242025
503.7,0.581,20242025
503.8,0.567,20242025
503.9,0.565,20242025
504.0,0.564,20242025
504.1,0.571,20242025
504.2,0.585,20242025
504.3,0.584,20242025
504.4,0.576,20242025
504.5,0.582,20242025
504.6,0.589,20242025
504.7,0.575,20242025
504.8,0.576,20242025
504.9,0.57,20242025
505.0,0.57,20242025
505.1,0.571,20242025
505.2,0.576,20242025
505.3,0.578,20242025
505.4,0.583,20242025
505.5,0.595,20242025
505.6,0.586,20242025
505.7,0.582,20242025
505.8,0.567,20242025
505.9,0.563,20242025
506.0,0.561,20242025
506.1,0.564,20242025
506.2,0.593,20242025
506.3,0.559,20242025
506.4,0.554,20242025
506.5,0.551,20242025
506.6,0.565,20242025
506.7,0.564,20242025
506.8,0.569,20242025
506.9,0.593,20242025
507.0,0.588,20242025
507.1,0.575,20242025
507.2,0.578,20242025
507.3,0.596,20242025
507.4,0.599,20242025
507.5,0.6,20242025
507.6,0.588,20242025
507.7,0.596,20242025
507.8,0.592,20242025
507.9,0.582,20242025
508.0,0.576,20242025
508.1,0.567,20242025
508.2,0.553,20242025
508.3,0.57,20242025
508.4,0.553,20242025
508.5,0.561,20242025
508.6,0.555,20242025
508.7,0.56,20242025
508.8,0.543,20242025
508.9,0.554,20242025
509.0,0.563,20242025
509.1,0.553,20242025
509.2,0.558,20242025
509.3,0.562,20242025
509.4,0.57,20242025
509.5,0.559,20242025
509.6,0.565,20242025
509.7,0.556,20242025
509.8,0.565,20242025
509.9,0.558,20242025
510.0,0.565,20242025
510.1,0.554,20242025
510.2,0.571,20242025
510.3,0.572,20242025
510.4,0.569,20242025
510.5,0.563,20242025
510.6,0.568,20242025
510.7,0.562,20242025
510.8,0.578,20242025
510.9,0.578,20242025
511.0,0.589,20242025
511.1,0.585,20242025
511.2,0.577,20242025
511.3,0.575,20242025
511.4,0.58,20242025
511.5,0.583,20242025
511.6,0.579,20242025
511.7,0.581,20242025
511.8,0.573,20242025
511.9,0.574,20242025
512.0,0.574,20242025
512.1,0.576,20242025
512.2,0.57,20242025
512.3,0.572,20242025
512.4,0.566,20242025
512.5,0.568,20242025
512.6,0.58,20242025
512.7,0.592,20242025
512.8,0.605,20242025
512.9,0.602,20242025
513.0,0.605,20242025
513.1,0.597,20242025
513.2,0.592,20242025
513.3,0.584,20242025
513.4,0.579,20242025
513.5,0.557,20242025
513.6,0.565,20242025
513.7,0.571,20242025
513.8,0.582,20242025
513.9,0.586,20242025
514.0,0.569,20242025
514.1,0.59,20242025
514.2,0.589,20242025
514.3,0.586,20242025
514.4,0.575,20242025
514.5,0.567,20242025
514.6,0.594,20242025
514.7,0.598,20242025
514.8,0.597,20242025
514.9,0.589,20242025
515.0,0.594,20242025
515.1,0.596,20242025
515.2,0.582,20242025
515.3,0.575,20242025
515.4,0.585,20242025
515.5,0.583,20242025
515.6,0.583,20242025
515.7,0.583,20242025
515.8,0.594,20242025
515.9,0.586,20242025
516.0,0.597,20242025
516.1,0.594,20242025
516.2,0.576,20242025
516.3,0.603,20242025
516.4,0.593,20242025
516.5,0.592,20242025
516.6,0.584,20242025
516.7,0.575,20242025
516.8,0.561,20242025
516.9,0.579,20242025
517.0,0.586,20242025
517.1,0.594,20242025
517.2,0.584,20242025
517.3,0.58,20242025
517.4,0.578,20242025
517.5,0.575,20242025
517.6,0.562,20242025
517.7,0.545,20242025
517.8,0.545,20242025
517.9,0.538,20242025
518.0,0.537,20242025
518.1,0.535,20242025
518.2,0.555,20242025
518.3,0.562,20242025
518.4,0.543,20242025
518.5,0.542,20242025
518.6,0.54,20242025
518.7,0.537,20242025
518.8,0.546,20242025
518.9,0.562,20242025
519.0,0.565,20242025
519.1,0.58,20242025
519.2,0.593,20242025
519.3,0.605,20242025
519.4,0.618,20242025
519.5,0.618,20242025
519.6,0.612,20242025
519.7,0.608,20242025
519.8,0.601,20242025
519.9,0.602,20242025
520.0,0.591,20242025
520.1,0.603,20242025
520.2,0.585,20242025
520.3,0.574,20242025
520.4,0.576,20242025
520.5,0.572,20242025
520.6,0.564,20242025
520.7,0.579,20242025
520.8,0.572,20242025
520.9,0.561,20242025
521.0,0.569,20242025
521.1,0.556,20242025
521.2,0.568,20242025
521.3,0.566,20242025
521.4,0.573,20242025
521.5,0.589,20242025
521.6,0.592,20242025
521.7,0.594,20242025
521.8,0.597,20242025
521.9,0.587,20242025
522.0,0.582,20242025
522.1,0.566,20242025
522.2,0.567,20242025
522.3,0.569,20242025
522.4,0.579,20242025
522.5,0.578,20242025
522.6,0.581,20242025
522.7,0.57,20242025
522.8,0.577,20242025
522.9,0.569,20242025
523.0,0.548,20242025
523.1,0.549,20242025
523.2,0.552,20242025
523.3,0.546,20242025
523.4,0.562,20242025
523.5,0.557,20242025
523.6,0.553,20242025
523.7,0.57,20242025
523.8,0.579,20242025
523.9,0.564,20242025
524.0,0.584,20242025
524.1,0.562,20242025
524.2,0.552,20242025
524.3,0.536,20242025
524.4,0.525,20242025
524.5,0.53,20242025
524.6,0.538,20242025
524.7,0.547,20242025
524.8,0.558,20242025
524.9,0.555,20242025
525.0,0.569,20242025
525.1,0.575,20242025
525.2,0.578,20242025
525.3,0.58,20242025
525.4,0.585,20242025
525.5,0.581,20242025
525.6,0.574,20242025
525.7,0.574,20242025
525.8,0.582,20242025
525.9,0.589,20242025
526.0,0.597,20242025
526.1,0.607,20242025
526.2,0.611,20242025
526.3,0.623,20242025
526.4,0.621,20242025
526.5,0.61,20242025
526.6,0.598,20242025
526.7,0.59,20242025
526.8,0.598,20242025
526.9,0.592,20242025
527.0,0.58,20242025
527.1,0.58,20242025
527.2,0.59,20242025
527.3,0.595,20242025
527.4,0.582,20242025
527.5,0.579,20242025
527.6,0.581,20242025
527.7,0.588,20242025
527.8,0.573,20242025
527.9,0.569,20242025
528.0,0.573,20242025
528.1,0.578,20242025
528.2,0.58,20242025
528.3,0.578,20242025
528.4,0.59,20242025
528.5,0.581,20242025
528.6,0.574,20242025
528.7,0.571,20242025
528.8,0.58,20242025
528.9,0.579,20242025
529.0,0.562,20242025
529.1,0.555,20242025
529.2,0.559,20242025
529.3,0.543,20242025
529.4,0.543,20242025
529.5,0.557,20242025
529.6,0.56,20242025
529.7,0.578,20242025
529.8,0.559,20242025
529.9,0.546,20242025
530.0,0.545,20242025
530.1,0.546,20242025
530.2,0.556,20242025
530.3,0.558,20242025
530.4,0.549,20242025
530.5,0.552,20242025
530.6,0.556,20242025
530.7,0.561,20242025
530.8,0.551,20242025
530.9,0.549,20242025
531.0,0.542,20242025
531.1,0.551,20242025
531.2,0.565,20242025
531.3,0.552,20242025
531.4,0.554,20242025
531.5,0.543,20242025
531.6,0.564,20242025
531.7,0.566,20242025
531.8,0.563,20242025
531.9,0.578,20242025
532.0,0.583,20242025
532.1,0.573,20242025
532.2,0.563,20242025
532.3,0.553,20242025
532.4,0.559,20242025
532.5,0.573,20242025
532.6,0.575,20242025
532.7,0.569,20242025
532.8,0.575,20242025
532.9,0.575,20242025
533.0,0.58,20242025
533.1,0.575,20242025
533.2,0.576,20242025
533.3,0.567,20242025
533.4,0.578,20242025
533.5,0.575,20242025
533.6,0.557,20242025
533.7,0.552,20242025
533.8,0.547,20242025
533.9,0.532,20242025
534.0,0.562,20242025
534.1,0.546,20242025
534.2,0.551,20242025
534.3,0.564,20242025
534.4,0.575,20242025
534.5,0.568,20242025
534.6,0.56,20242025
534.7,0.576,20242025
534.8,0.571,20242025
534.9,0.568,20242025
535.0,0.56,20242025
535.1,0.562,20242025
535.2,0.57,20242025
535.3,0.558,20242025
535.4,0.547,20242025
535.5,0.548,20242025
535.6,0.553,20242025
535.7,0.551,20242025
535.8,0.547,20242025
535.9,0.558,20242025
536.0,0.571,20242025
536.1,0.571,20242025
536.2,0.589,20242025
536.3,0.584,20242025
536.4,0.593,20242025
536.5,0.567,20242025
536.6,0.569,20242025
536.7,0.56,20242025
536.8,0.556,20242025
536.9,0.561,20242025
537.0,0.561,20242025
537.1,0.568,20242025
537.2,0.556,20242025
537.3,0.577,20242025
537.4,0.58,20242025
537.5,0.57,20242025
537.6,0.569,20242025
537.7,0.561,20242025
537.8,0.57,20242025
537.9,0.572,20242025
538.0,0.551,20242025
538.1,0.562,20242025
538.2,0.559,20242025
538.3,0.556,20242025
538.4,0.55,20242025
538.5,0.549,20242025
538.6,0.555,20242025
538.7,0.552,20242025
538.8,0.547,20242025
538.9,0.552,20242025
539.0,0.539,20242025
539.1,0.565,20242025
539.2,0.559,20242025
539.3,0.566,20242025
539.4,0.559,20242025
539.5,0.569,20242025
539.6,0.584,20242025
539.7,0.577,20242025
539.8,0.58,20242025
539.9,0.559,20242025
540.0,0.537,20242025
540.1,0.563,20242025
540.2,0.57,20242025
540.3,0.562,20242025
540.4,0.555,20242025
540.5,0.558,20242025
540.6,0.567,20242025
540.7,0.58,20242025
540.8,0.573,20242025
540.9,0.57,20242025
541.0,0.565,20242025
541.1,0.575,20242025
541.2,0.563,20242025
541.3,0.565,20242025
541.4,0.566,20242025
541.5,0.56,20242025
541.6,0.571,20242025
541.7,0.572,20242025
541.8,0.562,20242025
541.9,0.576,20242025
542.0,0.574,20242025
542.1,0.576,20242025
542.2,0.576,20242025
542.3,0.572,20242025
542.4,0.561,20242025
542.5,0.567,20242025
542.6,0.558,20242025
542.7,0.543,20242025
542.8,0.544,20242025
542.9,0.556,20242025
543.0,0.57,20242025
543.1,0.59,20242025
543.2,0.592,20242025
543.3,0.591,20242025
543.4,0.576,20242025
543.5,0.586,20242025
543.6,0.575,20242025
543.7,0.57,20242025
543.8,0.558,20242025
543.9,0.571,20242025
544.0,0.571,20242025
544.1,0.56,20242025
544.2,0.57,20242025
544.3,0.562,20242025
544.4,0.564,20242025
544.5,0.551,20242025
544.6,0.577,20242025
544.7,0.572,20242025
544.8,0.553,20242025
544.9,0.551,20242025
545.0,0.569,20242025
545.1,0.576,20242025
545.2,0.572,20242025
545.3,0.551,20242025
545.4,0.553,20242025
545.5,0.537,20242025
545.6,0.552,20242025
545.7,0.568,20242025
545.8,0.566,20242025
545.9,0.571,20242025
546.0,0.555,20242025
546.1,0.56,20242025
546.2,0.558,20242025
546.3,0.571,20242025
546.4,0.582,20242025
546.5,0.592,20242025
546.6,0.596,20242025
546.7,0.587,20242025
546.8,0.58,20242025
546.9,0.572,20242025
547.0,0.591,20242025
547.1,0.596,20242025
547.2,0.6,20242025
547.3,0.594,20242025
547.4,0.597,20242025
547.5,0.601,20242025
547.6,0.587,20242025
547.7,0.591,20242025
547.8,0.586,20242025
547.9,0.584,20242025
548.0,0.597,20242025
548.1,0.588,20242025
548.2,0.592,20242025
548.3,0.597,20242025
548.4,0.592,20242025
548.5,0.575,20242025
548.6,0.592,20242025
548.7,0.58,20242025
548.8,0.587,20242025
548.9,0.589,20242025
549.0,0.583,20242025
549.1,0.567,20242025
549.2,0.559,20242025
549.3,0.575,20242025
549.4,0.586,20242025
549.5,0.572,20242025
549.6,0.563,20242025
549.7,0.593,20242025
549.8,0.581,20242025
549.9,0.575,20242025
550.0,0.57,20242025
550.1,0.568,20242025
550.2,0.576,20242025
550.3,0.566,20242025
550.4,0.574,20242025
550.5,0.589,20242025
550.6,0.602,20242025
550.7,0.61,20242025
550.8,0.607,20242025
550.9,0.611,20242025
551.0,0.608,20242025
551.1,0.612,20242025
551.2,0.598,20242025
551.3,0.59,20242025
551.4,0.577,20242025
551.5,0.583,20242025
551.6,0.577,20242025
551.7,0.591,20242025
551.8,0.593,20242025
551.9,0.588,20242025
552.0,0.584,20242025
552.1,0.566,20242025
552.2,0.565,20242025
552.3,0.561,20242025
552.4,0.564,20242025
552.5,0.575,20242025
552.6,0.569,20242025
552.7,0.555,20242025
552.8,0.556,20242025
552.9,0.555,20242025
553.0,0.553,20242025
553.1,0.546,20242025
553.2,0.544,20242025
553.3,0.541,20242025
553.4,0.554,20242025
553.5,0.558,20242025
553.6,0.558,20242025
553.7,0.549,20242025
553.8,0.557,20242025
553.9,0.564,20242025
554.0,0.569,20242025
554.1,0.568,20242025
554.2,0.586,20242025
554.3,0.599,20242025
554.4,0.615,20242025
554.5,0.598,20242025
554.6,0.613,20242025
554.7,0.604,20242025
554.8,0.605,20242025
554.9,0.6,20242025
555.0,0.581,20242025
555.1,0.572,20242025
555.2,0.585,20242025
555.3,0.586,20242025
555.4,0.596,20242025
555.5,0.603,20242025
555.6,0.607,20242025
555.7,0.601,20242025
555.8,0.593,20242025
555.9,0.597,20242025
556.0,0.591,20242025
556.1,0.595,20242025
556.2,0.599,20242025
556.3,0.588,20242025
556.4,0.587,20242025
556.5,0.571,20242025
556.6,0.562,20242025
556.7,0.57,20242025
556.8,0.579,20242025
556.9,0.583,20242025
557.0,0.58,20242025
557.1,0.569,20242025
557.2,0.59,20242025
557.3,0.567,20242025
557.4,0.578,20242025
557.5,0.591,20242025
557.6,0.596,20242025
557.7,0.602,20242025
557.8,0.604,20242025
557.9,0.603,20242025
558.0,0.587,20242025
558.1,0.583,20242025
558.2,0.577,20242025
558.3,0.584,20242025
558.4,0.592,20242025
558.5,0.595,20242025
558.6,0.593,20242025
558.7,0.595,20242025
558.8,0.589,20242025
558.9,0.569,20242025
559.0,0.564,20242025
559.1,0.561,20242025
559.2,0.566,20242025
559.3,0.562,20242025
559.4,0.564,20242025
559.5,0.559,20242025
559.6,0.552,20242025
559.7,0.559,20242025
559.8,0.551,20242025
559.9,0.573,20242025
560.0,0.588,20242025
560.1,0.567,20242025
560.2,0.572,20242025
560.3,0.578,20242025
560.4,0.579,20242025
560.5,0.559,20242025
560.6,0.546,20242025
560.7,0.534,20242025
560.8,0.532,20242025
560.9,0.532,20242025
561.0,0.542,20242025
561.1,0.543,20242025
561.2,0.556,20242025
561.3,0.569,20242025
561.4,0.563,20242025
561.5,0.561,20242025
561.6,0.565,20242025
561.7,0.553,20242025
561.8,0.559,20242025
561.9,0.561,20242025
562.0,0.561,20242025
562.1,0.563,20242025
562.2,0.565,20242025
562.3,0.566,20242025
562.4,0.562,20242025
562.5,0.555,20242025
562.6,0.542,20242025
562.7,0.554,20242025
562.8,0.561,20242025
562.9,0.576,20242025
563.0,0.589,20242025
563.1,0.585,20242025
563.2,0.589,20242025
563.3,0.568,20242025
563.4,0.57,20242025
563.5,0.567,20242025
563.6,0.569,20242025
563.7,0.567,20242025
563.8,0.561,20242025
563.9,0.538,20242025
564.0,0.534,20242025
564.1,0.546,20242025
564.2,0.563,20242025
564.3,0.556,20242025
564.4,0.554,20242025
564.5,0.549,20242025
564.6,0.553,20242025
564.7,0.546,20242025
564.8,0.559,20242025
564.9,0.562,20242025
565.0,0.549,20242025
565.1,0.563,20242025
565.2,0.549,20242025
565.3,0.554,20242025
565.4,0.548,20242025
565.5,0.545,20242025
565.6,0.556,20242025
565.7,0.551,20242025
565.8,0.569,20242025
565.9,0.536,20242025
566.0,0.535,20242025
566.1,0.556,20242025
566.2,0.571,20242025
566.3,0.565,20242025
566.4,0.56,20242025
566.5,0.57,20242025
566.6,0.558,20242025
566.7,0.564,20242025
566.8,0.556,20242025
566.9,0.543,20242025
567.0,0.562,20242025
567.1,0.581,20242025
567.2,0.571,20242025
567.3,0.563,20242025
567.4,0.558,20242025
567.5,0.566,20242025
567.6,0.572,20242025
567.7,0.564,20242025
567.8,0.572,20242025
567.9,0.578,20242025
568.0,0.575,20242025
568.1,0.571,20242025
568.2,0.577,20242025
568.3,0.58,20242025
568.4,0.57,20242025
568.5,0.57,20242025
568.6,0.566,20242025
568.7,0.581,20242025
568.8,0.576,20242025
568.9,0.573,20242025
569.0,0.576,20242025
569.1,0.589,20242025
569.2,0.589,20242025
569.3,0.588,20242025
569.4,0.586,20242025
569.5,0.591,20242025
569.6,0.591,20242025
569.7,0.596,20242025
569.8,0.562,20242025
569.9,0.567,20242025
570.0,0.564,20242025
570.1,0.562,20242025
570.2,0.56,20242025
570.3,0.557,20242025
570.4,0.54,20242025
570.5,0.542,20242025
570.6,0.545,20242025
570.7,0.551,20242025
570.8,0.552,20242025
570.9,0.549,20242025
571.0,0.55,20242025
571.1,0.55,20242025
571.2,0.544,20242025
571.3,0.555,20242025
571.4,0.567,20242025
571.5,0.576,20242025
571.6,0.587,20242025
571.7,0.589,20242025
571.8,0.577,20242025
571.9,0.597,20242025
572.0,0.584,20242025
572.1,0.593,20242025
572.2,0.579,20242025
572.3,0.565,20242025
572.4,0.575,20242025
572.5,0.573,20242025
572.6,0.574,20242025
572.7,0.578,20242025
572.8,0.583,20242025
572.9,0.57,20242025
573.0,0.558,20242025
573.1,0.58,20242025
573.2,0.588,20242025
573.3,0.594,20242025
573.4,0.589,20242025
573.5,0.591,20242025
573.6,0.6,20242025
573.7,0.59,20242025
573.8,0.576,20242025
573.9,0.571,20242025
574.0,0.544,20242025
574.1,0.554,20242025
574.2,0.552,20242025
574.3,0.549,20242025
574.4,0.56,20242025
574.5,0.555,20242025
574.6,0.547,20242025
574.7,0.549,20242025
574.8,0.539,20242025
574.9,0.531,20242025
575.0,0.518,20242025
575.1,0.542,20242025
575.2,0.534,20242025
575.3,0.554,20242025
575.4,0.538,20242025
575.5,0.543,20242025
575.6,0.54,20242025
575.7,0.569,20242025
575.8,0.57,20242025
575.9,0.577,20242025
576.0,0.561,20242025
576.1,0.565,20242025
576.2,0.572,20242025
576.3,0.573,20242025
576.4,0.557,20242025
576.5,0.557,20242025
576.6,0.569,20242025
576.7,0.566,20242025
576.8,0.554,20242025
576.9,0.555,20242025
577.0,0.547,20242025
577.1,0.548,20242025
577.2,0.536,20242025
577.3,0.546,20242025
577.4,0.534,20242025
577.5,0.537,20242025
577.6,0.536,20242025
577.7,0.53,20242025
577.8,0.528,20242025
577.9,0.53,20242025
578.0,0.53,20242025
578.1,0.541,20242025
578.2,0.53,20242025
578.3,0.549,20242025
578.4,0.563,20242025
578.5,0.575,20242025
578.6,0.568,20242025
578.7,0.567,20242025
578.8,0.567,20242025
578.9,0.579,20242025
579.0,0.568,20242025
579.1,0.569,20242025
579.2,0.571,20242025
579.3,0.565,20242025
579.4,0.568,20242025
579.5,0.575,20242025
579.6,0.582,20242025
579.7,0.58,20242025
579.8,0.558,20242025
579.9,0.564,20242025
580.0,0.556,20242025
580.1,0.566,20242025
580.2,0.542,20242025
580.3,0.549,20242025
580.4,0.567,20242025
580.5,0.575,20242025
580.6,0.588,20242025
580.7,0.563,20242025
580.8,0.583,20242025
580.9,0.595,20242025
581.0,0.592,20242025
581.1,0.605,20242025
581.2,0.615,20242025
581.3,0.626,20242025
581.4,0.633,20242025
581.5,0.632,20242025
581.6,0.629,20242025
581.7,0.611,20242025
581.8,0.615,20242025
581.9,0.6,20242025
582.0,0.592,20242025
582.1,0.608,20242025
582.2,0.618,20242025
582.3,0.6,20242025
582.4,0.593,20242025
582.5,0.586,20242025
582.6,0.587,20242025
582.7,0.591,20242025
582.8,0.574,20242025
582.9,0.589,20242025
583.0,0.594,20242025
583.1,0.576,20242025
583.2,0.58,20242025
583.3,0.579,20242025
583.4,0.578,20242025
583.5,0.577,20242025
583.6,0.579,20242025
583.7,0.601,20242025
583.8,0.591,20242025
583.9,0.574,20242025
584.0,0.588,20242025
584.1,0.576,20242025
584.2,0.583,20242025
584.3,0.595,20242025
584.4,0.589,20242025
584.5,0.587,20242025
584.6,0.592,20242025
584.7,0.602,20242025
584.8,0.604,20242025
584.9,0.591,20242025
585.0,0.586,20242025
585.1,0.587,20242025
585.2,0.589,20242025
585.3,0.583,20242025
585.4,0.581,20242025
585.5,0.567,20242025
585.6,0.571,20242025
585.7,0.585,20242025
585.8,0.578,20242025
585.9,0.59,20242025
586.0,0.584,20242025
586.1,0.586,20242025
586.2,0.599,20242025
586.3,0.593,20242025
586.4,0.614,20242025
586.5,0.605,20242025
586.6,0.592,20242025
586.7,0.594,20242025
586.8,0.612,20242025
586.9,0.608,20242025
587.0,0.606,20242025
587.1,0.605,20242025
587.2,0.594,20242025
587.3,0.59,20242025
587.4,0.57,20242025
587.5,0.579,20242025
587.6,0.565,20242025
587.7,0.571,20242025
587.8,0.561,20242025
587.9,0.571,20242025
588.0,0.581,20242025
588.1,0.581,20242025
588.2,0.588,20242025
588.3,0.568,20242025
588.4,0.582,20242025
588.5,0.565,20242025
588.6,0.571,20242025
588.7,0.582,20242025
588.8,0.587,20242025
588.9,0.589,20242025
589.0,0.576,20242025
589.1,0.579,20242025
589.2,0.571,20242025
589.3,0.589,20242025
589.4,0.585,20242025
589.5,0.594,20242025
589.6,0.603,20242025
589.7,0.613,20242025
589.8,0.594,20242025
589.9,0.596,20242025
590.0,0.614,20242025
590.1,0.627,20242025
590.2,0.613,20242025
590.3,0.614,20242025
590.4,0.603,20242025
590.5,0.612,20242025
590.6,0.617,20242025
590.7,0.612,20242025
590.8,0.617,20242025
590.9,0.626,20242025
591.0,0.61,20242025
591.1,0.588,20242025
591.2,0.59,20242025
591.3,0.601,20242025
591.4,0.598,20242025
591.5,0.601,20242025
591.6,0.585,20242025
591.7,0.594,20242025
591.8,0.606,20242025
591.9,0.606,20242025
592.0,0.603,20242025
592.1,0.596,20242025
592.2,0.603,20242025
592.3,0.602,20242025
592.4,0.598,20242025
592.5,0.623,20242025
592.6,0.621,20242025
592.7,0.629,20242025
592.8,0.623,20242025
592.9,0.617,20242025
593.0,0.616,20242025
593.1,0.607,20242025
593.2,0.587,20242025
593.3,0.594,20242025
593.4,0.598,20242025
593.5,0.592,20242025
593.6,0.599,20242025
593.7,0.607,20242025
593.8,0.602,20242025
593.9,0.605,20242025
594.0,0.61,20242025
594.1,0.614,20242025
594.2,0.611,20242025
594.3,0.611,20242025
594.4,0.602,20242025
594.5,0.611,20242025
594.6,0.6,20242025
594.7,0.581,20242025
594.8,0.589,20242025
594.9,0.596,20242025
595.0,0.598,20242025
595.1,0.589,20242025
595.2,0.575,20242025
595.3,0.564,20242025
595.4,0.576,20242025
595.5,0.585,20242025
595.6,0.593,20242025
595.7,0.569,20242025
595.8,0.575,20242025
595.9,0.555,20242025
596.0,0.565,20242025
596.1,0.584,20242025
596.2,0.583,20242025
596.3,0.569,20242025
596.4,0.58,20242025
596.5,0.569,20242025
596.6,0.567,20242025
596.7,0.546,20242025
596.8,0.553,20242025
596.9,0.549,20242025
597.0,0.552,20242025
597.1,0.558,20242025
597.2,0.547,20242025
597.3,0.559,20242025
597.4,0.555,20242025
597.5,0.568,20242025
597.6,0.57,20242025
597.7,0.573,20242025
597.8,0.564,20242025
597.9,0.561,20242025
598.0,0.564,20242025
598.1,0.568,20242025
598.2,0.567,20242025
598.3,0.579,20242025
598.4,0.58,20242025
598.5,0.571,20242025
598.6,0.565,20242025
598.7,0.576,20242025
598.8,0.577,20242025
598.9,0.564,20242025
599.0,0.562,20242025
599.1,0.564,20242025
599.2,0.561,20242025
599.3,0.569,20242025
599.4,0.549,20242025
599.5,0.55,20242025
599.6,0.557,20242025
599.7,0.561,20242025
599.8,0.564,20242025
599.9,0.555,20242025
600.0,0.556,20242025
600.1,0.556,20242025
600.2,0.567,20242025
600.3,0.556,20242025
600.4,0.553,20242025
600.5,0.544,20242025
600.6,0.538,20242025
600.7,0.55,20242025
600.8,0.552,20242025
600.9,0.553,20242025
601.0,0.561,20242025
601.1,0.575,20242025
601.2,0.586,20242025
601.3,0.582,20242025
601.4,0.577,20242025
601.5,0.578,20242025
601.6,0.568,20242025
601.7,0.564,20242025
601.8,0.573,20242025
601.9,0.578,20242025
602.0,0.578,20242025
602.1,0.564,20242025
602.2,0.589,20242025
602.3,0.574,20242025
602.4,0.579,20242025
602.5,0.575,20242025
602.6,0.572,20242025
602.7,0.557,20242025
602.8,0.561,20242025
602.9,0.558,20242025
603.0,0.553,20242025
603.1,0.539,20242025
603.2,0.538,20242025
603.3,0.538,20242025
603.4,0.548,20242025
603.5,0.537,20242025
603.6,0.558,20242025
603.7,0.568,20242025
603.8,0.572,20242025
603.9,0.553,20242025
604.0,0.545,20242025
604.1,0.553,20242025
604.2,0.55,20242025
604.3,0.55,20242025
604.4,0.549,20242025
604.5,0.55,20242025
604.6,0.54,20242025
604.7,0.525,20242025
604.8,0.527,20242025
604.9,0.525,20242025
605.0,0.523,20242025
605.1,0.516,20242025
605.2,0.525,20242025
605.3,0.545,20242025
605.4,0.539,20242025
605.5,0.533,20242025
605.6,0.567,20242025
605.7,0.553,20242025
605.8,0.568,20242025
605.9,0.563,20242025
606.0,0.565,20242025
606.1,0.581,20242025
606.2,0.605,20242025
606.3,0.574,20242025
606.4,0.556,20242025
606.5,0.561,20242025
606.6,0.545,20242025
606.7,0.558,20242025
606.8,0.56,20242025
606.9,0.564,20242025
607.0,0.541,20242025
607.1,0.561,20242025
607.2,0.563,20242025
607.3,0.533,20242025
607.4,0.537,20242025
607.5,0.533,20242025
607.6,0.522,20242025
607.7,0.524,20242025
607.8,0.541,20242025
607.9,0.555,20242025
608.0,0.563,20242025
608.1,0.574,20242025
608.2,0.56,20242025
608.3,0.569,20242025
608.4,0.583,20242025
608.5,0.569,20242025
608.6,0.552,20242025
608.7,0.542,20242025
608.8,0.55,20242025
608.9,0.556,20242025
609.0,0.545,20242025
609.1,0.551,20242025
609.2,0.531,20242025
609.3,0.558,20242025
609.4,0.561,20242025
609.5,0.55,20242025
609.6,0.556,20242025
609.7,0.548,20242025
609.8,0.544,20242025
609.9,0.557,20242025
610.0,0.554,20242025
610.1,0.555,20242025
610.2,0.544,20242025
610.3,0.561,20242025
610.4,0.558,20242025
610.5,0.566,20242025
610.6,0.548,20242025
610.7,0.551,20242025
610.8,0.551,20242025
610.9,0.559,20242025
611.0,0.555,20242025
611.1,0.536,20242025
611.2,0.54,20242025
611.3,0.545,20242025
611.4,0.534,20242025
611.5,0.546,20242025
611.6,0.559,20242025
611.7,0.545,20242025
611.8,0.552,20242025
611.9,0.554,20242025
612.0,0.542,20242025
612.1,0.546,20242025
612.2,0.546,20242025
612.3,0.556,20242025
612.4,0.553,20242025
612.5,0.578,20242025
612.6,0.594,20242025
612.7,0.587,20242025
612.8,0.593,20242025
612.9,0.588,20242025
613.0,0.582,20242025
613.1,0.579,20242025
613.2,0.576,20242025
613.3,0.579,20242025
613.4,0.567,20242025
613.5,0.595,20242025
613.6,0.582,20242025
613.7,0.574,20242025
613.8,0.566,20242025
613.9,0.577,20242025
614.0,0.561,20242025
614.1,0.571,20242025
614.2,0.567,20242025
614.3,0.559,20242025
614.4,0.549,20242025
614.5,0.546,20242025
614.6,0.553,20242025
614.7,0.545,20242025
614.8,0.541,20242025
614.9,0.553,20242025
615.0,0.548,20242025
615.1,0.546,20242025
615.2,0.552,20242025
615.3,0.562,20242025
615.4,0.556,20242025
615.5,0.54,20242025
615.6,0.541,20242025
615.7,0.555,20242025
615.8,0.571,20242025
615.9,0.581,20242025
616.0,0.572,20242025
616.1,0.582,20242025
616.2,0.579,20242025
616.3,0.565,20242025
616.4,0.573,20242025
616.5,0.592,20242025
616.6,0.586,20242025
616.7,0.572,20242025
616.8,0.572,20242025
616.9,0.569,20242025
617.0,0.558,20242025
617.1,0.55,20242025
617.2,0.558,20242025
617.3,0.544,20242025
617.4,0.559,20242025
617.5,0.553,20242025
617.6,0.524,20242025
617.7,0.511,20242025
617.8,0.538,20242025
617.9,0.535,20242025
618.0,0.536,20242025
618.1,0.547,20242025
618.2,0.555,20242025
618.3,0.561,20242025
618.4,0.548,20242025
618.5,0.55,20242025
618.6,0.542,20242025
618.7,0.55,20242025
618.8,0.557,20242025
618.9,0.569,20242025
619.0,0.582,20242025
619.1,0.57,20242025
619.2,0.569,20242025
619.3,0.581,20242025
619.4,0.575,20242025
619.5,0.569,20242025
619.6,0.571,20242025
619.7,0.585,20242025
619.8,0.58,20242025
619.9,0.594,20242025
620.0,0.579,20242025
620.1,0.577,20242025
620.2,0.568,20242025
620.3,0.552,20242025
620.4,0.543,20242025
620.5,0.539,20242025
620.6,0.551,20242025
620.7,0.56,20242025
620.8,0.565,20242025
620.9,0.558,20242025
621.0,0.551,20242025
621.1,0.521,20242025
621.2,0.544,20242025
621.3,0.555,20242025
621.4,0.55,20242025
621.5,0.557,20242025
621.6,0.567,20242025
621.7,0.561,20242025
621.8,0.564,20242025
621.9,0.558,20242025
622.0,0.546,20242025
622.1,0.538,20242025
622.2,0.541,20242025
622.3,0.534,20242025
622.4,0.542,20242025
622.5,0.54,20242025
622.6,0.54,20242025
622.7,0.556,20242025
622.8,0.566,20242025
622.9,0.565,20242025
623.0,0.555,20242025
623.1,0.547,20242025
623.2,0.545,20242025
623.3,0.565,20242025
623.4,0.563,20242025
623.5,0.554,20242025
623.6,0.566,20242025
623.7,0.575,20242025
623.8,0.575,20242025
623.9,0.584,20242025
624.0,0.572,20242025
624.1,0.582,20242025
624.2,0.566,20242025
624.3,0.572,20242025
624.4,0.577,20242025
624.5,0.565,20242025
624.6,0.576,20242025
624.7,0.59,20242025
624.8,0.59,20242025
624.9,0.594,20242025
625.0,0.587,20242025
625.1,0.584,20242025
625.2,0.589,20242025
625.3,0.582,20242025
625.4,0.581,20242025
625.5,0.574,20242025
625.6,0.592,20242025
625.7,0.583,20242025
625.8,0.587,20242025
625.9,0.58,20242025
626.0,0.573,20242025
626.1,0.59,20242025
626.2,0.592,20242025
626.3,0.594,20242025
626.4,0.589,20242025
626.5,0.583,20242025
626.6,0.589,20242025
626.7,0.581,20242025
626.8,0.594,20242025
626.9,0.586,20242025
627.0,0.58,20242025
627.1,0.567,20242025
627.2,0.564,20242025
627.3,0.586,20242025
627.4,0.592,20242025
627.5,0.593,20242025
627.6,0.599,20242025
627.7,0.602,20242025
627.8,0.577,20242025
627.9,0.578,20242025
628.0,0.579,20242025
628.1,0.586,20242025
628.2,0.58,20242025
628.3,0.594,20242025
628.4,0.59,20242025
628.5,0.579,20242025
628.6,0.593,20242025
628.7,0.569,20242025
628.8,0.558,20242025
628.9,0.552,20242025
629.0,0.568,20242025
629.1,0.578,20242025
629.2,0.574,20242025
629.3,0.563,20242025
629.4,0.571,20242025
629.5,0.567,20242025
629.6,0.581,20242025
629.7,0.583,20242025
629.8,0.604,20242025
629.9,0.599,20242025
630.0,0.59,20242025
630.1,0.584,20242025
630.2,0.584,20242025
630.3,0.581,20242025
630.4,0.583,20242025
630.5,0.572,20242025
630.6,0.57,20242025
630.7,0.565,20242025
630.8,0.565,20242025
630.9,0.575,20242025
631.0,0.573,20242025
631.1,0.575,20242025
631.2,0.593,20242025
631.3,0.579,20242025
631.4,0.577,20242025
631.5,0.547,20242025
631.6,0.555,20242025
631.7,0.558,20242025
631.8,0.557,20242025
631.9,0.572,20242025
632.0,0.583,20242025
632.1,0.593,20242025
632.2,0.584,20242025
632.3,0.577,20242025
632.4,0.583,20242025
632.5,0.591,20242025
632.6,0.596,20242025
632.7,0.573,20242025
632.8,0.589,20242025
632.9,0.572,20242025
633.0,0.573,20242025
633.1,0.57,20242025
633.2,0.581,20242025
633.3,0.58,20242025
633.4,0.568,20242025
633.5,0.549,20242025
633.6,0.551,20242025
633.7,0.543,20242025
633.8,0.55,20242025
633.9,0.554,20242025
634.0,0.55,20242025
634.1,0.557,20242025
634.2,0.553,20242025
634.3,0.576,20242025
634.4,0.589,20242025
634.5,0.59,20242025
634.6,0.593,20242025
634.7,0.587,20242025
634.8,0.582,20242025
634.9,0.573,20242025
635.0,0.574,20242025
635.1,0.576,20242025
635.2,0.583,20242025
635.3,0.605,20242025
635.4,0.59,20242025
635.5,0.588,20242025
635.6,0.593,20242025
635.7,0.59,20242025
635.8,0.581,20242025
635.9,0.578,20242025
636.0,0.581,20242025
636.1,0.601,20242025
636.2,0.609,20242025
636.3,0.606,20242025
636.4,0.578,20242025
636.5,0.561,20242025
636.6,0.585,20242025
636.7,0.584,20242025
636.8,0.596,20242025
636.9,0.585,20242025
637.0,0.577,20242025
637.1,0.568,20242025
637.2,0.554,20242025
637.3,0.563,20242025
637.4,0.567,20242025
637.5,0.557,20242025
637.6,0.55,20242025
637.7,0.553,20242025
637.8,0.553,20242025
637.9,0.554,20242025
638.0,0.55,20242025
638.1,0.558,20242025
638.2,0.568,20242025
638.3,0.581,20242025
638.4,0.555,20242025
638.5,0.562,20242025
638.6,0.577,20242025
638.7,0.589,20242025
638.8,0.588,20242025
638.9,0.567,20242025
639.0,0.56,20242025
639.1,0.56,20242025
639.2,0.563,20242025
639.3,0.569,20242025
639.4,0.567,20242025
639.5,0.567,20242025
639.6,0.56,20242025
639.7,0.575,20242025
639.8,0.562,20242025
639.9,0.547,20242025
640.0,0.551,20242025
640.1,0.544,20242025
640.2,0.549,20242025
640.3,0.536,20242025
640.4,0.563,20242025
640.5,0.571,20242025
640.6,0.558,20242025
640.7,0.567,20242025
640.8,0.561,20242025
640.9,0.57,20242025
641.0,0.584,20242025
641.1,0.598,20242025
641.2,0.579,20242025
641.3,0.574,20242025
641.4,0.552,20242025
641.5,0.556,20242025
641.6,0.56,20242025
641.7,0.565,20242025
641.8,0.565,20242025
641.9,0.571,20242025
642.0,0.594,20242025
642.1,0.581,20242025
642.2,0.579,20242025
642.3,0.588,20242025
642.4,0.568,20242025
642.5,0.57,20242025
642.6,0.565,20242025
642.7,0.562,20242025
642.8,0.562,20242025
642.9,0.579,20242025
643.0,0.573,20242025
643.1,0.579,20242025
643.2,0.562,20242025
643.3,0.569,20242025
643.4,0.568,20242025
643.5,0.565,20242025
643.6,0.575,20242025
643.7,0.569,20242025
643.8,0.573,20242025
643.9,0.579,20242025
644.0,0.568,20242025
644.1,0.592,20242025
644.2,0.602,20242025
644.3,0.597,20242025
644.4,0.601,20242025
644.5,0.603,20242025
644.6,0.606,20242025
644.7,0.583,20242025
644.8,0.588,20242025
644.9,0.605,20242025
645.0,0.594,20242025
645.1,0.596,20242025
645.2,0.592,20242025
645.3,0.605,20242025
645.4,0.609,20242025
645.5,0.588,20242025
645.6,0.571,20242025
645.7,0.573,20242025
645.8,0.581,20242025
645.9,0.578,20242025
646.0,0.564,20242025
646.1,0.555,20242025
646.2,0.571,20242025
646.3,0.572,20242025
646.4,0.579,20242025
646.5,0.584,20242025
646.6,0.581,20242025
646.7,0.589,20242025
646.8,0.577,20242025
646.9,0.57,20242025
647.0,0.563,20242025
647.1,0.566,20242025
647.2,0.564,20242025
647.3,0.557,20242025
647.4,0.559,20242025
647.5,0.567,20242025
647.6,0.579,20242025
647.7,0.582,20242025
647.8,0.596,20242025
647.9,0.592,20242025
648.0,0.586,20242025
648.1,0.577,20242025
648.2,0.58,20242025
648.3,0.58,20242025
648.4,0.574,20242025
648.5,0.594,20242025
648.6,0.61,20242025
648.7,0.608,20242025
648.8,0.605,20242025
648.9,0.597,20242025
649.0,0.603,20242025
649.1,0.615,20242025
649.2,0.591,20242025
649.3,0.595,20242025
649.4,0.597,20242025
649.5,0.594,20242025
649.6,0.589,20242025
649.7,0.592,20242025
649.8,0.603,20242025
649.9,0.607,20242025
650.0,0.605,20242025
650.1,0.6,20242025
650.2,0.591,20242025
650.3,0.595,20242025
650.4,0.578,20242025
650.5,0.583,20242025
650.6,0.587,20242025
650.7,0.585,20242025
650.8,0.587,20242025
650.9,0.59,20242025
651.0,0.582,20242025
651.1,0.57,20242025
651.2,0.585,20242025
651.3,0.583,20242025
651.4,0.59,20242025
651.5,0.586,20242025
651.6,0.585,20242025
651.7,0.586,20242025
651.8,0.581,20242025
651.9,0.585,20242025
652.0,0.584,20242025
652.1,0.579,20242025
652.2,0.565,20242025
652.3,0.57,20242025
652.4,0.59,20242025
652.5,0.58,20242025
652.6,0.593,20242025
652.7,0.608,20242025
652.8,0.61,20242025
652.9,0.617,20242025
653.0,0.608,20242025
653.1,0.611,20242025
653.2,0.587,20242025
653.3,0.592,20242025
653.4,0.588,20242025
653.5,0.613,20242025
653.6,0.613,20242025
653.7,0.596,20242025
653.8,0.589,20242025
653.9,0.583,20242025
654.0,0.565,20242025
654.1,0.572,20242025
654.2,0.555,20242025
654.3,0.558,20242025
654.4,0.548,20242025
654.5,0.557,20242025
654.6,0.544,20242025
654.7,0.546,20242025
654.8,0.551,20242025
654.9,0.553,20242025
655.0,0.571,20242025
655.1,0.568,20242025
655.2,0.584,20242025
655.3,0.586,20242025
655.4,0.575,20242025
655.5,0.58,20242025
655.6,0.548,20242025
655.7,0.546,20242025
655.8,0.559,20242025
655.9,0.574,20242025
656.0,0.567,20242025
656.1,0.562,20242025
656.2,0.541,20242025
656.3,0.561,20242025
656.4,0.549,20242025
656.5,0.553,20242025
656.6,0.566,20242025
656.7,0.56,20242025
656.8,0.556,20242025
656.9,0.554,20242025
657.0,0.555,20242025
657.1,0.543,20242025
657.2,0.53,20242025
657.3,0.553,20242025
657.4,0.573,20242025
657.5,0.563,20242025
657.6,0.578,20242025
657.7,0.58,20242025
657.8,0.572,20242025
657.9,0.574,20242025
658.0,0.574,20242025
658.1,0.55,20242025
658.2,0.559,20242025
658.3,0.563,20242025
658.4,0.55,20242025
658.5,0.552,20242025
658.6,0.544,20242025
658.7,0.551,20242025
658.8,0.552,20242025
658.9,0.561,20242025
659.0,0.56,20242025
659.1,0.576,20242025
659.2,0.565,20242025
659.3,0.563,20242025
659.4,0.566,20242025
659.5,0.568,20242025
659.6,0.572,20242025
659.7,0.561,20242025
659.8,0.547,20242025
659.9,0.555,20242025
660.0,0.537,20242025
660.1,0.529,20242025
660.2,0.525,20242025
660.3,0.542,20242025
660.4,0.552,20242025
660.5,0.541,20242025
660.6,0.545,20242025
660.7,0.564,20242025
660.8,0.566,20242025
660.9,0.565,20242025
661.0,0.558,20242025
661.1,0.556,20242025
661.2,0.58,20242025
661.3,0.558,20242025
661.4,0.547,20242025
661.5,0.542,20242025
661.6,0.538,20242025
661.7,0.535,20242025
661.8,0.543,20242025
661.9,0.537,20242025
662.0,0.535,20242025
662.1,0.536,20242025
662.2,0.547,20242025
662.3,0.545,20242025
662.4,0.557,20242025
662.5,0.565,20242025
662.6,0.569,20242025
662.7,0.572,20242025
662.8,0.571,20242025
662.9,0.578,20242025
663.0,0.573,20242025
663.1,0.583,20242025
663.2,0.585,20242025
663.3,0.578,20242025
663.4,0.582,20242025
663.5,0.581,20242025
663.6,0.587,20242025
663.7,0.573,20242025
663.8,0.564,20242025
663.9,0.557,20242025
664.0,0.554,20242025
664.1,0.552,20242025
664.2,0.556,20242025
664.3,0.566,20242025
664.4,0.573,20242025
664.5,0.572,20242025
664.6,0.558,20242025
664.7,0.556,20242025
664.8,0.555,20242025
664.9,0.557,20242025
665.0,0.568,20242025
665.1,0.565,20242025
665.2,0.574,20242025
665.3,0.566,20242025
665.4,0.571,20242025
665.5,0.568,20242025
665.6,0.568,20242025
665.7,0.577,20242025
665.8,0.572,20242025
665.9,0.558,20242025
666.0,0.554,20242025
666.1,0.572,20242025
666.2,0.569,20242025
666.3,0.562,20242025
666.4,0.553,20242025
666.5,0.54,20242025
666.6,0.527,20242025
666.7,0.547,20242025
666.8,0.55,20242025
666.9,0.549,20242025
667.0,0.546,20242025
667.1,0.529,20242025
667.2,0.526,20242025
667.3,0.519,20242025
667.4,0.532,20242025
667.5,0.553,20242025
667.6,0.551,20242025
667.7,0.561,20242025
667.8,0.576,20242025
667.9,0.574,20242025
668.0,0.579,20242025
668.1,0.575,20242025
668.2,0.554,20242025
668.3,0.571,20242025
668.4,0.571,20242025
668.5,0.572,20242025
668.6,0.587,20242025
668.7,0.593,20242025
668.8,0.585,20242025
668.9,0.553,20242025
669.0,0.568,20242025
669.1,0.578,20242025
669.2,0.576,20242025
669.3,0.572,20242025
669.4,0.575,20242025
669.5,0.574,20242025
669.6,0.569,20242025
669.7,0.572,20242025
669.8,0.566,20242025
669.9,0.558,20242025
670.0,0.572,20242025
670.1,0.565,20242025
670.2,0.567,20242025
670.3,0.563,20242025
670.4,0.575,20242025
670.5,0.576,20242025
670.6,0.574,20242025
670.7,0.564,20242025
670.8,0.57,20242025
670.9,0.561,20242025
671.0,0.56,20242025
671.1,0.562,20242025
671.2,0.564,20242025
671.3,0.549,20242025
671.4,0.553,20242025
671.5,0.572,20242025
671.6,0.551,20242025
671.7,0.558,20242025
671.8,0.549,20242025
671.9,0.546,20242025
672.0,0.566,20242025
672.1,0.554,20242025
672.2,0.557,20242025
672.3,0.575,20242025
672.4,0.564,20242025
672.5,0.56,20242025
672.6,0.556,20242025
672.7,0.55,20242025
672.8,0.553,20242025
672.9,0.568,20242025
673.0,0.572,20242025
673.1,0.571,20242025
673.2,0.598,20242025
673.3,0.588,20242025
673.4,0.588,20242025
673.5,0.589,20242025
673.6,0.586,20242025
673.7,0.58,20242025
673.8,0.58,20242025
673.9,0.587,20242025
674.0,0.583,20242025
674.1,0.588,20242025
674.2,0.59,20242025
674.3,0.582,20242025
674.4,0.579,20242025
674.5,0.573,20242025
674.6,0.581,20242025
674.7,0.574,20242025
674.8,0.567,20242025
674.9,0.569,20242025
675.0,0.588,20242025
675.1,0.572,20242025
675.2,0.569,20242025
675.3,0.584,20242025
675.4,0.603,20242025
675.5,0.598,20242025
675.6,0.614,20242025
675.7,0.596,20242025
675.8,0.594,20242025
675.9,0.584,20242025
676.0,0.583,20242025
676.1,0.581,20242025
676.2,0.587,20242025
676.3,0.569,20242025
676.4,0.571,20242025
676.5,0.566,20242025
676.6,0.551,20242025
676.7,0.548,20242025
676.8,0.551,20242025
676.9,0.543,20242025
677.0,0.56,20242025
677.1,0.565,20242025
677.2,0.584,20242025
677.3,0.581,20242025
677.4,0.57,20242025
677.5,0.571,20242025
677.6,0.576,20242025
677.7,0.579,20242025
677.8,0.579,20242025
677.9,0.576,20242025
678.0,0.579,20242025
678.1,0.572,20242025
678.2,0.602,20242025
678.3,0.581,20242025
678.4,0.577,20242025
678.5,0.561,20242025
678.6,0.583,20242025
678.7,0.577,20242025
678.8,0.561,20242025
678.9,0.582,20242025
679.0,0.581,20242025
679.1,0.588,20242025
679.2,0.59,20242025
679.3,0.602,20242025
679.4,0.607,20242025
679.5,0.586,20242025
679.6,0.6,20242025
679.7,0.594,20242025
679.8,0.587,20242025
679.9,0.599,20242025
680.0,0.601,20242025
680.1,0.597,20242025
680.2,0.592,20242025
680.3,0.607,20242025
680.4,0.598,20242025
680.5,0.581,20242025
680.6,0.601,20242025
680.7,0.594,20242025
680.8,0.595,20242025
680.9,0.583,20242025
681.0,0.607,20242025
681.1,0.612,20242025
681.2,0.583,20242025
681.3,0.585,20242025
681.4,0.589,20242025
681.5,0.57,20242025
681.6,0.575,20242025
681.7,0.57,20242025
681.8,0.559,20242025
681.9,0.56,20242025
682.0,0.558,20242025
682.1,0.574,20242025
682.2,0.583,20242025
682.3,0.588,20242025
682.4,0.588,20242025
682.5,0.567,20242025
682.6,0.588,20242025
682.7,0.593,20242025
682.8,0.582,20242025
682.9,0.587,20242025
683.0,0.575,20242025
683.1,0.589,20242025
683.2,0.576,20242025
683.3,0.572,20242025
683.4,0.562,20242025
683.5,0.555,20242025
683.6,0.55,20242025
683.7,0.555,20242025
683.8,0.557,20242025
683.9,0.559,20242025
684.0,0.559,20242025
684.1,0.576,20242025
684.2,0.581,20242025
684.3,0.574,20242025
684.4,0.557,20242025
684.5,0.557,20242025
684.6,0.552,20242025
684.7,0.547,20242025
684.8,0.551,20242025
684.9,0.558,20242025
685.0,0.55,20242025
685.1,0.569,20242025
685.2,0.584,20242025
685.3,0.584,20242025
685.4,0.587,20242025
685.5,0.592,20242025
685.6,0.584,20242025
685.7,0.569,20242025
685.8,0.588,20242025
685.9,0.572,20242025
686.0,0.578,20242025
686.1,0.566,20242025
686.2,0.555,20242025
686.3,0.549,20242025
686.4,0.567,20242025
686.5,0.563,20242025
686.6,0.553,20242025
686.7,0.545,20242025
686.8,0.557,20242025
686.9,0.563,20242025
687.0,0.572,20242025
687.1,0.557,20242025
687.2,0.57,20242025
687.3,0.558,20242025
687.4,0.586,20242025
687.5,0.599,20242025
687.6,0.614,20242025
687.7,0.598,20242025
687.8,0.592,20242025
687.9,0.576,20242025
688.0,0.57,20242025
688.1,0.57,20242025
688.2,0.565,20242025
688.3,0.558,20242025
688.4,0.561,20242025
688.5,0.551,20242025
688.6,0.572,20242025
688.7,0.585,20242025
688.8,0.569,20242025
688.9,0.581,20242025
689.0,0.569,20242025
689.1,0.571,20242025
689.2,0.562,20242025
689.3,0.551,20242025
689.4,0.557,20242025
689.5,0.556,20242025
689.6,0.545,20242025
689.7,0.556,20242025
689.8,0.563,20242025
689.9,0.563,20242025
690.0,0.564,20242025
690.1,0.548,20242025
690.2,0.542,20242025
690.3,0.561,20242025
690.4,0.558,20242025
690.5,0.552,20242025
690.6,0.534,20242025
690.7,0.548,20242025
690.8,0.54,20242025
690.9,0.545,20242025
691.0,0.55,20242025
691.1,0.55,20242025
691.2,0.568,20242025
691.3,0.556,20242025
691.4,0.565,20242025
691.5,0.555,20242025
691.6,0.55,20242025
691.7,0.537,20242025
691.8,0.549,20242025
691.9,0.537,20242025
692.0,0.541,20242025
692.1,0.538,20242025
692.2,0.54,20242025
692.3,0.525,20242025
692.4,0.525,20242025
692.5,0.532,20242025
692.6,0.546,20242025
692.7,0.531,20242025
692.8,0.534,20242025
692.9,0.542,20242025
693.0,0.552,20242025
693.1,0.553,20242025
693.2,0.559,20242025
693.3,0.563,20242025
693.4,0.547,20242025
693.5,0.547,20242025
693.6,0.55,20242025
693.7,0.546,20242025
693.8,0.558,20242025
693.9,0.555,20242025
694.0,0.542,20242025
694.1,0.557,20242025
694.2,0.572,20242025
694.3,0.566,20242025
694.4,0.571,20242025
694.5,0.566,20242025
694.6,0.568,20242025
694.7,0.557,20242025
694.8,0.554,20242025
694.9,0.57,20242025
695.0,0.584,20242025
695.1,0.562,20242025
695.2,0.571,20242025
695.3,0.582,20242025
695.4,0.578,20242025
695.5,0.558,20242025
695.6,0.558,20242025
695.7,0.564,20242025
695.8,0.58,20242025
695.9,0.597,20242025
696.0,0.588,20242025
696.1,0.59,20242025
696.2,0.579,20242025
696.3,0.591,20242025
696.4,0.593,20242025
696.5,0.603,20242025
696.6,0.598,20242025
696.7,0.577,20242025
696.8,0.555,20242025
696.9,0.558,20242025
697.0,0.559,20242025
697.1,0.568,20242025
697.2,0.564,20242025
697.3,0.549,20242025
697.4,0.556,20242025
697.5,0.549,20242025
697.6,0.547,20242025
697.7,0.558,20242025
697.8,0.578,20242025
697.9,0.574,20242025
698.0,0.579,20242025
698.1,0.577,20242025
698.2,0.566,20242025
698.3,0.561,20242025
698.4,0.559,20242025
698.5,0.557,20242025
698.6,0.552,20242025
698.7,0.553,20242025
698.8,0.562,20242025
698.9,0.555,20242025
699.0,0.543,20242025
699.1,0.555,20242025
699.2,0.56,20242025
699.3,0.565,20242025
699.4,0.564,20242025
699.5,0.559,20242025
699.6,0.575,20242025
699.7,0.564,20242025
699.8,0.559,20242025
699.9,0.541,20242025
700.0,0.556,20242025
700.1,0.58,20242025
700.2,0.591,20242025
700.3,0.592,20242025
700.4,0.602,20242025
700.5,0.596,20242025
700.6,0.58,20242025
700.7,0.575,20242025
700.8,0.575,20242025
700.9,0.556,20242025
701.0,0.546,20242025
701.1,0.546,20242025
701.2,0.54,20242025
701.3,0.535,20242025
701.4,0.538,20242025
701.5,0.539,20242025
701.6,0.552,20242025
701.7,0.548,20242025
701.8,0.542,20242025
701.9,0.557,20242025
702.0,0.566,20242025
702.1,0.566,20242025
702.2,0.566,20242025
702.3,0.564,20242025
702.4,0.566,20242025
702.5,0.561,20242025
702.6,0.569,20242025
702.7,0.577,20242025
702.8,0.575,20242025
702.9,0.571,20242025
703.0,0.554,20242025
703.1,0.54,20242025
703.2,0.527,20242025
703.3,0.531,20242025
703.4,0.532,20242025
703.5,0.519,20242025
703.6,0.502,20242025
703.7,0.515,20242025
703.8,0.521,20242025
703.9,0.54,20242025
704.0,0.541,20242025
704.1,0.523,20242025
704.2,0.526,20242025
704.3,0.526,20242025
704.4,0.542,20242025
704.5,0.528,20242025
704.6,0.546,20242025
704.7,0.548,20242025
704.8,0.537,20242025
704.9,0.541,20242025
705.0,0.556,20242025
705.1,0.559,20242025
705.2,0.555,20242025
705.3,0.547,20242025
705.4,0.563,20242025
705.5,0.557,20242025
705.6,0.571,20242025
705.7,0.555,20242025
705.8,0.563,20242025
705.9,0.551,20242025
706.0,0.55,20242025
706.1,0.562,20242025
706.2,0.571,20242025
706.3,0.56,20242025
706.4,0.552,20242025
706.5,0.551,20242025
706.6,0.565,20242025
706.7,0.555,20242025
706.8,0.557,20242025
706.9,0.542,20242025
707.0,0.556,20242025
707.1,0.569,20242025
707.2,0.562,20242025
707.3,0.577,20242025
707.4,0.558,20242025
707.5,0.561,20242025
707.6,0.545,20242025
707.7,0.556,20242025
707.8,0.571,20242025
707.9,0.565,20242025
708.0,0.577,20242025
708.1,0.565,20242025
708.2,0.572,20242025
708.3,0.56,20242025
708.4,0.567,20242025
708.5,0.578,20242025
708.6,0.584,20242025
708.7,0.569,20242025
708.8,0.573,20242025
708.9,0.584,20242025
709.0,0.577,20242025
709.1,0.576,20242025
709.2,0.566,20242025
709.3,0.562,20242025
709.4,0.561,20242025
709.5,0.558,20242025
709.6,0.558,20242025
709.7,0.536,20242025
709.8,0.527,20242025
709.9,0.539,20242025
710.0,0.525,20242025
710.1,0.534,20242025
710.2,0.529,20242025
710.3,0.559,20242025
710.4,0.574,20242025
710.5,0.568,20242025
710.6,0.569,20242025
710.7,0.561,20242025
710.8,0.572,20242025
710.9,0.573,20242025
711.0,0.557,20242025
711.1,0.534,20242025
711.2,0.548,20242025
711.3,0.542,20242025
711.4,0.545,20242025
711.5,0.567,20242025
711.6,0.568,20242025
711.7,0.569,20242025
711.8,0.593,20242025
711.9,0.59,20242025
712.0,0.588,20242025
712.1,0.592,20242025
712.2,0.595,20242025
712.3,0.592,20242025
712.4,0.563,20242025
712.5,0.575,20242025
712.6,0.57,20242025
712.7,0.562,20242025
712.8,0.565,20242025
712.9,0.562,20242025
713.0,0.571,20242025
713.1,0.576,20242025
713.2,0.545,20242025
713.3,0.539,20242025
713.4,0.558,20242025
713.5,0.558,20242025
713.6,0.554,20242025
713.7,0.564,20242025
713.8,0.575,20242025
713.9,0.557,20242025
714.0,0.552,20242025
714.1,0.562,20242025
714.2,0.581,20242025
714.3,0.588,20242025
714.4,0.589,20242025
714.5,0.573,20242025
714.6,0.573,20242025
714.7,0.572,20242025
714.8,0.569,20242025
714.9,0.585,20242025
715.0,0.598,20242025
715.1,0.589,20242025
715.2,0.599,20242025
715.3,0.585,20242025
715.4,0.578,20242025
715.5,0.564,20242025
715.6,0.563,20242025
715.7,0.59,20242025
715.8,0.596,20242025
715.9,0.606,20242025
716.0,0.585,20242025
716.1,0.574,20242025
716.2,0.581,20242025
716.3,0.589,20242025
716.4,0.574,20242025
716.5,0.569,20242025
716.6,0.586,20242025
716.7,0.593,20242025
716.8,0.59,20242025
716.9,0.581,20242025
717.0,0.581,20242025
717.1,0.594,20242025
717.2,0.571,20242025
717.3,0.565,20242025
717.4,0.547,20242025
717.5,0.558,20242025
717.6,0.546,20242025
717.7,0.556,20242025
717.8,0.574,20242025
717.9,0.554,20242025
718.0,0.578,20242025
718.1,0.576,20242025
718.2,0.577,20242025
718.3,0.583,20242025
718.4,0.579,20242025
718.5,0.579,20242025
718.6,0.573,20242025
718.7,0.569,20242025
718.8,0.595,20242025
718.9,0.602,20242025
719.0,0.596,20242025
719.1,0.594,20242025
719.2,0.587,20242025
719.3,0.603,20242025
719.4,0.603,20242025
719.5,0.6,20242025
719.6,0.615,20242025
719.7,0.608,20242025
719.8,0.587,20242025
719.9,0.587,20242025
720.0,0.592,20242025
720.1,0.594,20242025
720.2,0.583,20242025
720.3,0.571,20242025
720.4,0.577,20242025
720.5,0.565,20242025
720.6,0.572,20242025
720.7,0.573,20242025
720.8,0.576,20242025
720.9,0.575,20242025
721.0,0.578,20242025
721.1,0.557,20242025
721.2,0.571,20242025
721.3,0.571,20242025
721.4,0.562,20242025
721.5,0.562,20242025
721.6,0.559,20242025
721.7,0.553,20242025
721.8,0.543,20242025
721.9,0.553,20242025
722.0,0.562,20242025
722.1,0.547,20242025
722.2,0.572,20242025
722.3,0.583,20242025
722.4,0.585,20242025
722.5,0.594,20242025
722.6,0.591,20242025
722.7,0.568,20242025
722.8,0.559,20242025
722.9,0.569,20242025
723.0,0.583,20242025
723.1,0.578,20242025
723.2,0.573,20242025
723.3,0.568,20242025
723.4,0.589,20242025
723.5,0.577,20242025
723.6,0.572,20242025
723.7,0.573,20242025
723.8,0.571,20242025
723.9,0.564,20242025
724.0,0.561,20242025
724.1,0.56,20242025
724.2,0.548,20242025
724.3,0.555,20242025
724.4,0.562,20242025
724.5,0.549,20242025
724.6,0.552,20242025
724.7,0.555,20242025
724.8,0.573,20242025
724.9,0.577,20242025
725.0,0.576,20242025
725.1,0.569,20242025
725.2,0.577,20242025
725.3,0.594,20242025
725.4,0.597,20242025
725.5,0.584,20242025
725.6,0.579,20242025
725.7,0.588,20242025
725.8,0.59,20242025
725.9,0.574,20242025
726.0,0.592,20242025
726.1,0.595,20242025
726.2,0.601,20242025
726.3,0.582,20242025
726.4,0.574,20242025
726.5,0.572,20242025
726.6,0.582,20242025
726.7,0.573,20242025
726.8,0.586,20242025
726.9,0.563,20242025
727.0,0.571,20242025
727.1,0.566,20242025
727.2,0.563,20242025
727.3,0.547,20242025
727.4,0.546,20242025
727.5,0.565,20242025
727.6,0.567,20242025
727.7,0.582,20242025
727.8,0.585,20242025
727.9,0.595,20242025
728.0,0.566,20242025
728.1,0.581,20242025
728.2,0.598,20242025
728.3,0.61,20242025
728.4,0.602,20242025
728.5,0.588,20242025
728.6,0.6,20242025
728.7,0.582,20242025
728.8,0.576,20242025
728.9,0.579,20242025
729.0,0.59,20242025
729.1,0.581,20242025
729.2,0.589,20242025
729.3,0.596,20242025
729.4,0.609,20242025
729.5,0.599,20242025
729.6,0.594,20242025
729.7,0.599,20242025
729.8,0.608,20242025
729.9,0.604,20242025
730.0,0.593,20242025
730.1,0.591,20242025
730.2,0.579,20242025
730.3,0.578,20242025
730.4,0.586,20242025
730.5,0.566,20242025
730.6,0.567,20242025
730.7,0.565,20242025
730.8,0.571,20242025
730.9,0.567,20242025
731.0,0.559,20242025
731.1,0.563,20242025
731.2,0.579,20242025
731.3,0.59,20242025
731.4,0.572,20242025
731.5,0.573,20242025
731.6,0.582,20242025
731.7,0.587,20242025
731.8,0.584,20242025
731.9,0.584,20242025
732.0,0.571,20242025
732.1,0.553,20242025
732.2,0.532,20242025
732.3,0.547,20242025
732.4,0.563,20242025
732.5,0.553,20242025
732.6,0.55,20242025
732.7,0.556,20242025
732.8,0.533,20242025
732.9,0.559,20242025
733.0,0.535,20242025
733.1,0.557,20242025
733.2,0.553,20242025
733.3,0.552,20242025
733.4,0.564,20242025
733.5,0.569,20242025
733.6,0.552,20242025
733.7,0.533,20242025
733.8,0.56,20242025
733.9,0.561,20242025
734.0,0.572,20242025
734.1,0.559,20242025
734.2,0.555,20242025
734.3,0.557,20242025
734.4,0.552,20242025
734.5,0.552,20242025
734.6,0.545,20242025
734.7,0.551,20242025
734.8,0.561,20242025
734.9,0.552,20242025
735.0,0.561,20242025
735.1,0.575,20242025
735.2,0.576,20242025
735.3,0.576,20242025
735.4,0.571,20242025
735.5,0.572,20242025
735.6,0.555,20242025
735.7,0.558,20242025
735.8,0.555,20242025
735.9,0.56,20242025
736.0,0.573,20242025
736.1,0.581,20242025
736.2,0.586,20242025
736.3,0.588,20242025
736.4,0.576,20242025
736.5,0.578,20242025
736.6,0.562,20242025
736.7,0.583,20242025
736.8,0.573,20242025
736.9,0.565,20242025
737.0,0.554,20242025
737.1,0.565,20242025
737.2,0.568,20242025
737.3,0.583,20242025
737.4,0.568,20242025
737.5,0.571,20242025
737.6,0.556,20242025
737.7,0.554,20242025
737.8,0.555,20242025
737.9,0.559,20242025
738.0,0.56,20242025
738.1,0.574,20242025
738.2,0.564,20242025
738.3,0.585,20242025
738.4,0.569,20242025
738.5,0.563,20242025
738.6,0.564,20242025
738.7,0.573,20242025
738.8,0.562,20242025
738.9,0.555,20242025
739.0,0.553,20242025
739.1,0.554,20242025
739.2,0.552,20242025
739.3,0.553,20242025
739.4,0.562,20242025
739.5,0.564,20242025
739.6,0.552,20242025
739.7,0.563,20242025
739.8,0.555,20242025
739.9,0.539,20242025
740.0,0.537,20242025
740.1,0.541,20242025
740.2,0.528,20242025
740.3,0.512,20242025
740.4,0.525,20242025
740.5,0.536,20242025
740.6,0.538,20242025
740.7,0.543,20242025
740.8,0.558,20242025
740.9,0.565,20242025
741.0,0.57,20242025
741.1,0.57,20242025
741.2,0.59,20242025
741.3,0.593,20242025
741.4,0.577,20242025
741.5,0.57,20242025
741.6,0.569,20242025
741.7,0.581,20242025
741.8,0.59,20242025
741.9,0.591,20242025
742.0,0.589,20242025
742.1,0.579,20242025
742.2,0.593,20242025
742.3,0.581,20242025
742.4,0.578,20242025
742.5,0.551,20242025
742.6,0.565,20242025
742.7,0.572,20242025
742.8,0.565,20242025
742.9,0.557,20242025
743.0,0.561,20242025
743.1,0.571,20242025
743.2,0.569,20242025
743.3,0.562,20242025
743.4,0.564,20242025
743.5,0.531,20242025
743.6,0.54,20242025
743.7,0.549,20242025
743.8,0.553,20242025
743.9,0.556,20242025
744.0,0.572,20242025
744.1,0.567,20242025
744.2,0.564,20242025
744.3,0.564,20242025
744.4,0.55,20242025
744.5,0.55,20242025
744.6,0.546,20242025
744.7,0.546,20242025
744.8,0.538,20242025
744.9,0.565,20242025
745.0,0.562,20242025
745.1,0.538,20242025
745.2,0.543,20242025
745.3,0.531,20242025
745.4,0.542,20242025
745.5,0.555,20242025
745.6,0.569,20242025
745.7,0.579,20242025
745.8,0.58,20242025
745.9,0.574,20242025
746.0,0.561,20242025
746.1,0.569,20242025
746.2,0.581,20242025
746.3,0.592,20242025
746.4,0.598,20242025
746.5,0.575,20242025
746.6,0.582,20242025
746.7,0.572,20242025
746.8,0.566,20242025
746.9,0.552,20242025
747.0,0.559,20242025
747.1,0.568,20242025
747.2,0.558,20242025
747.3,0.577,20242025
747.4,0.569,20242025
747.5,0.561,20242025
747.6,0.567,20242025
747.7,0.564,20242025
747.8,0.582,20242025
747.9,0.577,20242025
748.0,0.565,20242025
748.1,0.564,20242025
748.2,0.554,20242025
748.3,0.542,20242025
748.4,0.554,20242025
748.5,0.545,20242025
748.6,0.549,20242025
748.7,0.542,20242025
748.8,0.542,20242025
748.9,0.554,20242025
749.0,0.544,20242025
749.1,0.529,20242025
749.2,0.521,20242025
749.3,0.509,20242025
749.4,0.527,20242025
749.5,0.525,20242025
749.6,0.529,20242025
749.7,0.558,20242025
749.8,0.559,20242025
749.9,0.547,20242025
750.0,0.539,20242025
750.1,0.558,20242025
750.2,0.551,20242025
750.3,0.556,20242025
750.4,0.554,20242025
750.5,0.568,20242025
750.6,0.567,20242025
750.7,0.557,20242025
750.8,0.55,20242025
750.9,0.554,20242025
751.0,0.552,20242025
751.1,0.531,20242025
751.2,0.531,20242025
751.3,0.541,20242025
751.4,0.535,20242025
751.5,0.523,20242025
751.6,0.513,20242025
751.7,0.539,20242025
751.8,0.536,20242025
751.9,0.528,20242025
752.0,0.525,20242025
752.1,0.521,20242025
752.2,0.529,20242025
752.3,0.55,20242025
752.4,0.536,20242025
752.5,0.533,20242025
752.6,0.53,20242025
752.7,0.533,20242025
752.8,0.558,20242025
752.9,0.553,20242025
753.0,0.556,20242025
753.1,0.545,20242025
753.2,0.554,20242025
753.3,0.559,20242025
753.4,0.555,20242025
753.5,0.557,20242025
753.6,0.546,20242025
753.7,0.568,20242025
753.8,0.556,20242025
753.9,0.542,20242025
754.0,0.542,20242025
754.1,0.54,20242025
754.2,0.542,20242025
754.3,0.553,20242025
754.4,0.575,20242025
754.5,0.575,20242025
754.6,0.578,20242025
754.7,0.59,20242025
754.8,0.59,20242025
754.9,0.583,20242025
755.0,0.584,20242025
755.1,0.569,20242025
755.2,0.57,20242025
755.3,0.572,20242025
755.4,0.571,20242025
755.5,0.579,20242025
755.6,0.594,20242025
755.7,0.589,20242025
755.8,0.593,20242025
755.9,0.566,20242025
756.0,0.565,20242025
756.1,0.561,20242025
756.2,0.581,20242025
756.3,0.577,20242025
756.4,0.574,20242025
756.5,0.545,20242025
756.6,0.539,20242025
756.7,0.559,20242025
756.8,0.572,20242025
756.9,0.583,20242025
757.0,0.56,20242025
757.1,0.569,20242025
757.2,0.571,20242025
757.3,0.564,20242025
757.4,0.567,20242025
757.5,0.56,20242025
757.6,0.538,20242025
757.7,0.54,20242025
757.8,0.556,20242025
757.9,0.556,20242025
758.0,0.55,20242025
758.1,0.567,20242025
758.2,0.577,20242025
758.3,0.58,20242025
758.4,0.575,20242025
758.5,0.578,20242025
758.6,0.576,20242025
758.7,0.564,20242025
758.8,0.577,20242025
758.9,0.581,20242025
759.0,0.588,20242025
759.1,0.577,20242025
759.2,0.573,20242025
759.3,0.568,20242025
759.4,0.555,20242025
759.5,0.534,20242025
759.6,0.548,20242025
759.7,0.546,20242025
759.8,0.551,20242025
759.9,0.552,20242025
760.0,0.548,20242025
760.1,0.552,20242025
760.2,0.558,20242025
760.3,0.553,20242025
760.4,0.563,20242025
760.5,0.563,20242025
760.6,0.545,20242025
760.7,0.531,20242025
760.8,0.535,20242025
760.9,0.54,20242025
761.0,0.547,20242025
761.1,0.552,20242025
761.2,0.562,20242025
761.3,0.552,20242025
761.4,0.554,20242025
761.5,0.567,20242025
761.6,0.572,20242025
761.7,0.571,20242025
761.8,0.568,20242025
761.9,0.573,20242025
762.0,0.587,20242025
762.1,0.604,20242025
762.2,0.607,20242025
762.3,0.615,20242025
762.4,0.605,20242025
762.5,0.597,20242025
762.6,0.592,20242025
762.7,0.582,20242025
762.8,0.561,20242025
762.9,0.562,20242025
763.0,0.56,20242025
763.1,0.571,20242025
763.2,0.562,20242025
763.3,0.541,20242025
763.4,0.559,20242025
763.5,0.551,20242025
763.6,0.567,20242025
763.7,0.576,20242025
763.8,0.57,20242025
763.9,0.576,20242025
764.0,0.557,20242025
764.1,0.551,20242025
764.2,0.563,20242025
764.3,0.557,20242025
764.4,0.567,20242025
764.5,0.569,20242025
764.6,0.558,20242025
764.7,0.563,20242025
764.8,0.557,20242025
764.9,0.549,20242025
765.0,0.559,20242025
765.1,0.56,20242025
765.2,0.555,20242025
765.3,0.547,20242025
765.4,0.58,20242025
765.5,0.593,20242025
765.6,0.593,20242025
765.7,0.598,20242025
765.8,0.589,20242025
765.9,0.584,20242025
766.0,0.593,20242025
766.1,0.6,20242025
766.2,0.588,20242025
766.3,0.594,20242025
766.4,0.609,20242025
766.5,0.605,20242025
766.6,0.617,20242025
766.7,0.605,20242025
766.8,0.604,20242025
766.9,0.601,20242025
767.0,0.601,20242025
767.1,0.585,20242025
767.2,0.574,20242025
767.3,0.584,20242025
767.4,0.586,20242025
767.5,0.573,20242025
767.6,0.571,20242025
767.7,0.588,20242025
767.8,0.583,20242025
767.9,0.601,20242025
768.0,0.593,20242025
768.1,0.585,20242025
768.2,0.601,20242025
768.3,0.599,20242025
768.4,0.615,20242025
768.5,0.601,20242025
768.6,0.594,20242025
768.7,0.581,20242025
768.8,0.565,20242025
768.9,0.557,20242025
769.0,0.561,20242025
769.1,0.555,20242025
769.2,0.549,20242025
769.3,0.544,20242025
769.4,0.542,20242025
769.5,0.553,20242025
769.6,0.557,20242025
769.7,0.557,20242025
769.8,0.562,20242025
769.9,0.554,20242025
770.0,0.548,20242025
770.1,0.547,20242025
770.2,0.551,20242025
770.3,0.565,20242025
770.4,0.575,20242025
770.5,0.577,20242025
770.6,0.584,20242025
770.7,0.572,20242025
770.8,0.565,20242025
770.9,0.562,20242025
771.0,0.56,20242025
771.1,0.59,20242025
771.2,0.587,20242025
771.3,0.568,20242025
771.4,0.578,20242025
771.5,0.572,20242025
771.6,0.563,20242025
771.7,0.573,20242025
771.8,0.573,20242025
771.9,0.569,20242025
772.0,0.562,20242025
772.1,0.551,20242025
772.2,0.551,20242025
772.3,0.559,20242025
772.4,0.561,20242025
772.5,0.555,20242025
772.6,0.556,20242025
772.7,0.549,20242025
772.8,0.554,20242025
772.9,0.551,20242025
773.0,0.545,20242025
773.1,0.542,20242025
773.2,0.532,20242025
773.3,0.525,20242025
773.4,0.54,20242025
773.5,0.543,20242025
773.6,0.56,20242025
773.7,0.558,20242025
773.8,0.546,20242025
773.9,0.537,20242025
774.0,0.573,20242025
774.1,0.575,20242025
774.2,0.574,20242025
774.3,0.581,20242025
774.4,0.596,20242025
774.5,0.604,20242025
774.6,0.608,20242025
774.7,0.595,20242025
774.8,0.602,20242025
774.9,0.601,20242025
775.0,0.586,20242025
775.1,0.587,20242025
775.2,0.581,20242025
775.3,0.583,20242025
775.4,0.591,20242025
775.5,0.611,20242025
775.6,0.609,20242025
775.7,0.617,20242025
775.8,0.597,20242025
775.9,0.591,20242025
776.0,0.595,20242025
776.1,0.59,20242025
776.2,0.591,20242025
776.3,0.592,20242025
776.4,0.575,20242025
776.5,0.581,20242025
776.6,0.579,20242025
776.7,0.597,20242025
776.8,0.584,20242025
776.9,0.575,20242025
777.0,0.568,20242025
777.1,0.584,20242025
777.2,0.573,20242025
777.3,0.583,20242025
777.4,0.563,20242025
777.5,0.589,20242025
777.6,0.598,20242025
777.7,0.582,20242025
777.8,0.584,20242025
777.9,0.577,20242025
778.0,0.553,20242025
778.1,0.57,20242025
778.2,0.579,20242025
778.3,0.567,20242025
778.4,0.579,20242025
778.5,0.598,20242025
778.6,0.595,20242025
778.7,0.59,20242025
778.8,0.59,20242025
778.9,0.594,20242025
779.0,0.581,20242025
779.1,0.596,20242025
779.2,0.604,20242025
779.3,0.601,20242025
779.4,0.593,20242025
779.5,0.594,20242025
779.6,0.565,20242025
779.7,0.572,20242025
779.8,0.568,20242025
779.9,0.565,20242025
780.0,0.567,20242025
780.1,0.555,20242025
780.2,0.567,20242025
780.3,0.572,20242025
780.4,0.581,20242025
780.5,0.564,20242025
780.6,0.55,20242025
780.7,0.557,20242025
780.8,0.554,20242025
780.9,0.577,20242025
781.0,0.589,20242025
781.1,0.565,20242025
781.2,0.566,20242025
781.3,0.584,20242025
781.4,0.591,20242025
781.5,0.582,20242025
781.6,0.578,20242025
781.7,0.574,20242025
781.8,0.587,20242025
781.9,0.587,20242025
782.0,0.575,20242025
782.1,0.57,20242025
782.2,0.589,20242025
782.3,0.57,20242025
782.4,0.567,20242025
782.5,0.57,20242025
782.6,0.573,20242025
782.7,0.567,20242025
782.8,0.57,20242025
782.9,0.574,20242025
783.0,0.575,20242025
783.1,0.551,20242025
783.2,0.574,20242025
783.3,0.56,20242025
783.4,0.568,20242025
783.5,0.58,20242025
783.6,0.574,20242025
783.7,0.566,20242025
783.8,0.557,20242025
783.9,0.564,20242025
784.0,0.574,20242025
784.1,0.563,20242025
784.2,0.571,20242025
784.3,0.573,20242025
784.4,0.566,20242025
784.5,0.568,20242025
784.6,0.544,20242025
784.7,0.546,20242025
784.8,0.579,20242025
784.9,0.567,20242025
785.0,0.561,20242025
785.1,0.558,20242025
785.2,0.568,20242025
785.3,0.562,20242025
785.4,0.557,20242025
785.5,0.557,20242025
785.6,0.571,20242025
785.7,0.555,20242025
785.8,0.566,20242025
785.9,0.561,20242025
786.0,0.545,20242025
786.1,0.535,20242025
786.2,0.538,20242025
786.3,0.541,20242025
786.4,0.546,20242025
786.5,0.559,20242025
786.6,0.554,20242025
786.7,0.57,20242025
786.8,0.58,20242025
786.9,0.573,20242025
787.0,0.58,20242025
787.1,0.567,20242025
787.2,0.545,20242025
787.3,0.549,20242025
787.4,0.547,20242025
787.5,0.554,20242025
787.6,0.552,20242025
787.7,0.536,20242025
787.8,0.539,20242025
787.9,0.518,20242025
788.0,0.533,20242025
788.1,0.529,20242025
788.2,0.539,20242025
788.3,0.534,20242025
788.4,0.549,20242025
788.5,0.551,20242025
788.6,0.558,20242025
788.7,0.573,20242025
788.8,0.563,20242025
788.9,0.58,20242025
789.0,0.557,20242025
789.1,0.566,20242025
789.2,0.576,20242025
789.3,0.568,20242025
789.4,0.568,20242025
789.5,0.573,20242025
789.6,0.556,20242025
789.7,0.568,20242025
789.8,0.566,20242025
789.9,0.574,20242025
790.0,0.558,20242025
790.1,0.552,20242025
790.2,0.557,20242025
790.3,0.573,20242025
790.4,0.575,20242025
790.5,0.583,20242025
790.6,0.577,20242025
790.7,0.575,20242025
790.8,0.562,20242025
790.9,0.574,20242025
791.0,0.583,20242025
791.1,0.587,20242025
791.2,0.577,20242025
791.3,0.576,20242025
791.4,0.585,20242025
791.5,0.573,20242025
791.6,0.582,20242025
791.7,0.576,20242025
791.8,0.575,20242025
791.9,0.577,20242025
792.0,0.575,20242025
792.1,0.568,20242025
792.2,0.563,20242025
792.3,0.583,20242025
792.4,0.59,20242025
792.5,0.622,20242025
792.6,0.593,20242025
792.7,0.587,20242025
792.8,0.595,20242025
792.9,0.592,20242025
793.0,0.592,20242025
793.1,0.593,20242025
793.2,0.594,20242025
793.3,0.596,20242025
793.4,0.601,20242025
793.5,0.596,20242025
793.6,0.59,20242025
793.7,0.585,20242025
793.8,0.584,20242025
793.9,0.577,20242025
794.0,0.579,20242025
794.1,0.59,20242025
794.2,0.608,20242025
794.3,0.602,20242025
794.4,0.607,20242025
794.5,0.593,20242025
794.6,0.582,20242025
794.7,0.581,20242025
794.8,0.587,20242025
794.9,0.585,20242025
795.0,0.582,20242025
795.1,0.59,20242025
795.2,0.595,20242025
795.3,0.565,20242025
795.4,0.579,20242025
795.5,0.582,20242025
795.6,0.582,20242025
795.7,0.592,20242025
795.8,0.589,20242025
795.9,0.58,20242025
796.0,0.572,20242025
796.1,0.592,20242025
796.2,0.578,20242025
796.3,0.58,20242025
796.4,0.565,20242025
796.5,0.578,20242025
796.6,0.571,20242025
796.7,0.564,20242025
796.8,0.581,20242025
796.9,0.591,20242025
797.0,0.594,20242025
797.1,0.583,20242025
797.2,0.591,20242025
797.3,0.579,20242025
797.4,0.564,20242025
797.5,0.556,20242025
797.6,0.56,20242025
797.7,0.57,20242025
797.8,0.582,20242025
797.9,0.589,20242025
798.0,0.568,20242025
798.1,0.57,20242025
798.2,0.588,20242025
798.3,0.586,20242025
798.4,0.589,20242025
798.5,0.581,20242025
798.6,0.588,20242025
798.7,0.588,20242025
798.8,0.601,20242025
798.9,0.603,20242025
799.0,0.606,20242025
799.1,0.593,20242025
799.2,0.585,20242025
799.3,0.579,20242025
799.4,0.579,20242025
799.5,0.572,20242025
799.6,0.59,20242025
799.7,0.597,20242025
799.8,0.592,20242025
799.9,0.602,20242025
800.0,0.596,20242025
800.1,0.594,20242025
800.2,0.58,20242025
800.3,0.592,20242025
800.4,0.595,20242025
800.5,0.586,20242025
800.6,0.589,20242025
800.7,0.581,20242025
800.8,0.58,20242025
800.9,0.573,20242025
801.0,0.573,20242025
801.1,0.587,20242025
801.2,0.58,20242025
801.3,0.58,20242025
801.4,0.577,20242025
801.5,0.563,20242025
801.6,0.577,20242025
801.7,0.57,20242025
801.8,0.556,20242025
801.9,0.554,20242025
802.0,0.56,20242025
802.1,0.573,20242025
802.2,0.563,20242025
802.3,0.548,20242025
802.4,0.548,20242025
802.5,0.544,20242025
802.6,0.524,20242025
802.7,0.521,20242025
802.8,0.538,20242025
802.9,0.538,20242025
803.0,0.541,20242025
803.1,0.548,20242025
803.2,0.559,20242025
803.3,0.572,20242025
803.4,0.573,20242025
803.5,0.568,20242025
803.6,0.582,20242025
803.7,0.562,20242025
803.8,0.578,20242025
803.9,0.586,20242025
804.0,0.601,20242025
804.1,0.607,20242025
804.2,0.602,20242025
804.3,0.584,20242025
804.4,0.601,20242025
804.5,0.6,20242025
804.6,0.591,20242025
804.7,0.583,20242025
804.8,0.582,20242025
804.9,0.562,20242025
805.0,0.568,20242025
805.1,0.556,20242025
805.2,0.558,20242025
805.3,0.565,20242025
805.4,0.577,20242025
805.5,0.571,20242025
805.6,0.583,20242025
805.7,0.578,20242025
805.8,0.572,20242025
805.9,0.588,20242025
806.0,0.573,20242025
806.1,0.559,20242025
806.2,0.543,20242025
806.3,0.548,20242025
806.4,0.546,20242025
806.5,0.56,20242025
806.6,0.54,20242025
806.7,0.529,20242025
806.8,0.538,20242025
806.9,0.539,20242025
807.0,0.534,20242025
807.1,0.537,20242025
807.2,0.525,20242025
807.3,0.52,20242025
807.4,0.517,20242025
807.5,0.516,20242025
807.6,0.523,20242025
807.7,0.53,20242025
807.8,0.54,20242025
807.9,0.551,20242025
808.0,0.565,20242025
808.1,0.553,20242025
808.2,0.536,20242025
808.3,0.542,20242025
808.4,0.542,20242025
808.5,0.554,20242025
808.6,0.548,20242025
808.7,0.539,20242025
808.8,0.554,20242025
808.9,0.548,20242025
809.0,0.543,20242025
809.1,0.548,20242025
809.2,0.555,20242025
809.3,0.564,20242025
809.4,0.554,20242025
809.5,0.576,20242025
809.6,0.56,20242025
809.7,0.578,20242025
809.8,0.584,20242025
809.9,0.579,20242025
810.0,0.586,20242025
810.1,0.574,20242025
810.2,0.566,20242025
810.3,0.563,20242025
810.4,0.556,20242025
810.5,0.56,20242025
810.6,0.571,20242025
810.7,0.569,20242025
810.8,0.575,20242025
810.9,0.561,20242025
811.0,0.554,20242025
811.1,0.555,20242025
811.2,0.544,20242025
811.3,0.553,20242025
811.4,0.527,20242025
811.5,0.534,20242025
811.6,0.55,20242025
811.7,0.553,20242025
811.8,0.563,20242025
811.9,0.569,20242025
812.0,0.579,20242025
812.1,0.578,20242025
812.2,0.563,20242025
812.3,0.574,20242025
812.4,0.568,20242025
812.5,0.57,20242025
812.6,0.573,20242025
812.7,0.563,20242025
812.8,0.571,20242025
812.9,0.56,20242025
813.0,0.557,20242025
813.1,0.558,20242025
813.2,0.564,20242025
813.3,0.567,20242025
813.4,0.58,20242025
813.5,0.59,20242025
813.6,0.58,20242025
813.7,0.595,20242025
813.8,0.583,20242025
813.9,0.613,20242025
814.0,0.594,20242025
814.1,0.602,20242025
814.2,0.581,20242025
814.3,0.589,20242025
814.4,0.595,20242025
814.5,0.613,20242025
814.6,0.596,20242025
814.7,0.594,20242025
814.8,0.591,20242025
814.9,0.571,20242025
815.0,0.556,20242025
815.1,0.562,20242025
815.2,0.552,20242025
815.3,0.564,20242025
815.4,0.572,20242025
815.5,0.557,20242025
815.6,0.546,20242025
815.7,0.55,20242025
815.8,0.56,20242025
815.9,0.552,20242025
816.0,0.566,20242025
816.1,0.57,20242025
816.2,0.588,20242025
816.3,0.574,20242025
816.4,0.579,20242025
816.5,0.571,20242025
816.6,0.572,20242025
816.7,0.568,20242025
816.8,0.58,20242025
816.9,0.591,20242025
817.0,0.59,20242025
817.1,0.593,20242025
817.2,0.57,20242025
817.3,0.585,20242025
817.4,0.582,20242025
817.5,0.584,20242025
817.6,0.59,20242025
817.7,0.592,20242025
817.8,0.601,20242025
817.9,0.612,20242025
818.0,0.617,20242025
818.1,0.599,20242025
818.2,0.597,20242025
818.3,0.586,20242025
818.4,0.595,20242025
818.5,0.593,20242025
818.6,0.583,20242025
818.7,0.595,20242025
818.8,0.587,20242025
818.9,0.585,20242025
819.0,0.569,20242025
819.1,0.55,20242025
819.2,0.556,20242025
819.3,0.555,20242025
819.4,0.556,20242025
819.5,0.556,20242025
819.6,0.557,20242025
819.7,0.572,20242025
819.8,0.566,20242025
819.9,0.573,20242025
820.0,0.564,20242025
820.1,0.555,20242025
820.2,0.56,20242025
820.3,0.561,20242025
820.4,0.57,20242025
820.5,0.572,20242025
820.6,0.565,20242025
820.7,0.57,20242025
820.8,0.564,20242025
820.9,0.556,20242025
821.0,0.528,20242025
821.1,0.535,20242025
821.2,0.51,20242025
821.3,0.529,20242025
821.4,0.526,20242025
821.5,0.526,20242025
821.6,0.53,20242025
821.7,0.54,20242025
821.8,0.565,20242025
821.9,0.572,20242025
822.0,0.584,20242025
822.1,0.585,20242025
822.2,0.585,20242025
822.3,0.585,20242025
822.4,0.571,20242025
822.5,0.551,20242025
822.6,0.551,20242025
822.7,0.573,20242025
822.8,0.566,20242025
822.9,0.573,20242025
823.0,0.581,20242025
823.1,0.57,20242025
823.2,0.578,20242025
823.3,0.586,20242025
823.4,0.592,20242025
823.5,0.584,20242025
823.6,0.603,20242025
823.7,0.595,20242025
823.8,0.598,20242025
823.9,0.594,20242025
824.0,0.592,20242025
824.1,0.59,20242025
824.2,0.591,20242025
824.3,0.586,20242025
824.4,0.595,20242025
824.5,0.594,20242025
824.6,0.596,20242025
824.7,0.601,20242025
824.8,0.585,20242025
824.9,0.585,20242025
825.0,0.577,20242025
825.1,0.569,20242025
825.2,0.566,20242025
825.3,0.572,20242025
825.4,0.563,20242025
825.5,0.565,20242025
825.6,0.567,20242025
825.7,0.566,20242025
825.8,0.566,20242025
825.9,0.582,20242025
826.0,0.566,20242025
826.1,0.575,20242025
826.2,0.567,20242025
826.3,0.57,20242025
826.4,0.57,20242025
826.5,0.556,20242025
826.6,0.548,20242025
826.7,0.539,20242025
826.8,0.549,20242025
826.9,0.564,20242025
827.0,0.565,20242025
827.1,0.556,20242025
827.2,0.559,20242025
827.3,0.567,20242025
827.4,0.558,20242025
827.5,0.56,20242025
827.6,0.561,20242025
827.7,0.552,20242025
827.8,0.559,20242025
827.9,0.566,20242025
828.0,0.554,20242025
828.1,0.553,20242025
828.2,0.545,20242025
828.3,0.545,20242025
828.4,0.564,20242025
828.5,0.565,20242025
828.6,0.567,20242025
828.7,0.579,20242025
828.8,0.58,20242025
828.9,0.575,20242025
829.0,0.595,20242025
829.1,0.597,20242025
829.2,0.588,20242025
829.3,0.591,20242025
829.4,0.586,20242025
829.5,0.582,20242025
829.6,0.59,20242025
829.7,0.609,20242025
829.8,0.594,20242025
829.9,0.575,20242025
830.0,0.57,20242025
830.1,0.576,20242025
830.2,0.577,20242025
830.3,0.585,20242025
830.4,0.566,20242025
830.5,0.565,20242025
830.6,0.563,20242025
830.7,0.565,20242025
830.8,0.56,20242025
830.9,0.546,20242025
831.0,0.569,20242025
831.1,0.553,20242025
831.2,0.539,20242025
831.3,0.531,20242025
831.4,0.536,20242025
831.5,0.542,20242025
831.6,0.535,20242025
831.7,0.546,20242025
831.8,0.546,20242025
831.9,0.543,20242025
832.0,0.55,20242025
832.1,0.556,20242025
832.2,0.56,20242025
832.3,0.555,20242025
832.4,0.541,20242025
832.5,0.546,20242025
832.6,0.541,20242025
832.7,0.542,20242025
832.8,0.533,20242025
832.9,0.534,20242025
833.0,0.554,20242025
833.1,0.56,20242025
833.2,0.58,20242025
833.3,0.574,20242025
833.4,0.571,20242025
833.5,0.578,20242025
833.6,0.58,20242025
833.7,0.581,20242025
833.8,0.578,20242025
833.9,0.568,20242025
834.0,0.582,20242025
834.1,0.578,20242025
834.2,0.576,20242025
834.3,0.568,20242025
834.4,0.588,20242025
834.5,0.572,20242025
834.6,0.573,20242025
834.7,0.571,20242025
834.8,0.574,20242025
834.9,0.579,20242025
835.0,0.558,20242025
835.1,0.553,20242025
835.2,0.57,20242025
835.3,0.569,20242025
835.4,0.577,20242025
835.5,0.564,20242025
835.6,0.564,20242025
835.7,0.571,20242025
835.8,0.567,20242025
835.9,0.59,20242025
836.0,0.593,20242025
836.1,0.579,20242025
836.2,0.583,20242025
836.3,0.573,20242025
836.4,0.573,20242025
836.5,0.561,20242025
836.6,0.574,20242025
836.7,0.565,20242025
836.8,0.548,20242025
836.9,0.565,20242025
837.0,0.568,20242025
837.1,0.555,20242025
837.2,0.543,20242025
837.3,0.526,20242025
837.4,0.515,20242025
837.5,0.526,20242025
837.6,0.543,20242025
837.7,0.548,20242025
837.8,0.549,20242025
837.9,0.556,20242025
838.0,0.547,20242025
838.1,0.541,20242025
838.2,0.545,20242025
838.3,0.55,20242025
838.4,0.571,20242025
838.5,0.586,20242025
838.6,0.6,20242025
838.7,0.585,20242025
838.8,0.596,20242025
838.9,0.592,20242025
839.0,0.584,20242025
839.1,0.596,20242025
839.2,0.586,20242025
839.3,0.577,20242025
839.4,0.583,20242025
839.5,0.572,20242025
839.6,0.58,20242025
839.7,0.565,20242025
839.8,0.571,20242025
839.9,0.569,20242025
840.0,0.573,20242025
840.1,0.579,20242025
840.2,0.579,20242025
840.3,0.563,20242025
840.4,0.563,20242025
840.5,0.564,20242025
840.6,0.569,20242025
840.7,0.555,20242025
840.8,0.541,20242025
840.9,0.557,20242025
841.0,0.563,20242025
841.1,0.563,20242025
841.2,0.555,20242025
841.3,0.566,20242025
841.4,0.583,20242025
841.5,0.585,20242025
841.6,0.585,20242025
841.7,0.595,20242025
841.8,0.583,20242025
841.9,0.588,20242025
842.0,0.592,20242025
842.1,0.597,20242025
842.2,0.594,20242025
842.3,0.582,20242025
842.4,0.58,20242025
842.5,0.575,20242025
842.6,0.576,20242025
842.7,0.591,20242025
842.8,0.564,20242025
842.9,0.55,20242025
843.0,0.555,20242025
843.1,0.56,20242025
843.2,0.566,20242025
843.3,0.566,20242025
843.4,0.559,20242025
843.5,0.56,20242025
843.6,0.569,20242025
843.7,0.559,20242025
843.8,0.56,20242025
843.9,0.55,20242025
844.0,0.55,20242025
844.1,0.55,20242025
844.2,0.542,20242025
844.3,0.548,20242025
844.4,0.544,20242025
844.5,0.547,20242025
844.6,0.541,20242025
844.7,0.546,20242025
844.8,0.541,20242025
844.9,0.544,20242025
845.0,0.526,20242025
845.1,0.536,20242025
845.2,0.526,20242025
845.3,0.528,20242025
845.4,0.535,20242025
845.5,0.541,20242025
845.6,0.555,20242025
845.7,0.561,20242025
845.8,0.561,20242025
845.9,0.552,20242025
846.0,0.548,20242025
846.1,0.546,20242025
846.2,0.55,20242025
846.3,0.568,20242025
846.4,0.576,20242025
846.5,0.603,20242025
846.6,0.605,20242025
846.7,0.598,20242025
846.8,0.603,20242025
846.9,0.598,20242025
847.0,0.591,20242025
847.1,0.576,20242025
847.2,0.573,20242025
847.3,0.569,20242025
847.4,0.577,20242025
847.5,0.59,20242025
847.6,0.572,20242025
847.7,0.567,20242025
847.8,0.578,20242025
847.9,0.577,20242025
848.0,0.582,20242025
848.1,0.6,20242025
848.2,0.584,20242025
848.3,0.591,20242025
848.4,0.6,20242025
848.5,0.585,20242025
848.6,0.598,20242025
848.7,0.585,20242025
848.8,0.581,20242025
848.9,0.588,20242025
849.0,0.59,20242025
849.1,0.588,20242025
849.2,0.596,20242025
849.3,0.579,20242025
849.4,0.602,20242025
849.5,0.59,20242025
849.6,0.583,20242025
849.7,0.595,20242025
849.8,0.592,20242025
849.9,0.563,20242025
850.0,0.565,20242025
850.1,0.564,20242025
850.2,0.552,20242025
850.3,0.554,20242025
850.4,0.553,20242025
850.5,0.55,20242025
850.6,0.543,20242025
850.7,0.541,20242025
850.8,0.552,20242025
850.9,0.563,20242025
851.0,0.544,20242025
851.1,0.553,20242025
851.2,0.562,20242025
851.3,0.561,20242025
851.4,0.566,20242025
851.5,0.56,20242025
851.6,0.576,20242025
851.7,0.555,20242025
851.8,0.554,20242025
851.9,0.535,20242025
852.0,0.553,20242025
852.1,0.562,20242025
852.2,0.548,20242025
852.3,0.556,20242025
852.4,0.548,20242025
852.5,0.557,20242025
852.6,0.553,20242025
852.7,0.554,20242025
852.8,0.555,20242025
852.9,0.546,20242025
853.0,0.552,20242025
853.1,0.577,20242025
853.2,0.575,20242025
853.3,0.588,20242025
853.4,0.573,20242025
853.5,0.556,20242025
853.6,0.558,20242025
853.7,0.566,20242025
853.8,0.569,20242025
853.9,0.571,20242025
854.0,0.571,20242025
854.1,0.577,20242025
854.2,0.574,20242025
854.3,0.567,20242025
854.4,0.575,20242025
854.5,0.569,20242025
854.6,0.569,20242025
854.7,0.568,20242025
854.8,0.567,20242025
854.9,0.569,20242025
855.0,0.583,20242025
855.1,0.573,20242025
855.2,0.574,20242025
855.3,0.568,20242025
855.4,0.567,20242025
855.5,0.577,20242025
855.6,0.555,20242025
855.7,0.555,20242025
855.8,0.56,20242025
855.9,0.566,20242025
856.0,0.544,20242025
856.1,0.541,20242025
856.2,0.539,20242025
856.3,0.549,20242025
856.4,0.572,20242025
856.5,0.57,20242025
856.6,0.564,20242025
856.7,0.556,20242025
856.8,0.563,20242025
856.9,0.553,20242025
857.0,0.554,20242025
857.1,0.548,20242025
857.2,0.53,20242025
857.3,0.551,20242025
857.4,0.537,20242025
857.5,0.557,20242025
857.6,0.556,20242025
857.7,0.574,20242025
857.8,0.581,20242025
857.9,0.592,20242025
858.0,0.589,20242025
858.1,0.583,20242025
858.2,0.567,20242025
858.3,0.557,20242025
858.4,0.548,20242025
858.5,0.555,20242025
858.6,0.56,20242025
858.7,0.555,20242025
858.8,0.569,20242025
858.9,0.556,20242025
859.0,0.546,20242025
859.1,0.563,20242025
859.2,0.568,20242025
859.3,0.566,20242025
859.4,0.559,20242025
859.5,0.556,20242025
859.6,0.548,20242025
859.7,0.54,20242025
859.8,0.545,20242025
859.9,0.559,20242025
860.0,0.558,20242025
860.1,0.57,20242025
860.2,0.575,20242025
860.3,0.554,20242025
860.4,0.544,20242025
860.5,0.55,20242025
860.6,0.558,20242025
860.7,0.555,20242025
860.8,0.543,20242025
860.9,0.558,20242025
861.0,0.56,20242025
861.1,0.57,20242025
861.2,0.558,20242025
861.3,0.55,20242025
861.4,0.577,20242025
861.5,0.584,20242025
861.6,0.576,20242025
861.7,0.579,20242025
861.8,0.581,20242025
861.9,0.578,20242025
862.0,0.587,20242025
862.1,0.562,20242025
862.2,0.565,20242025
862.3,0.575,20242025
862.4,0.561,20242025
862.5,0.565,20242025
862.6,0.57,20242025
862.7,0.572,20242025
862.8,0.579,20242025
862.9,0.571,20242025
863.0,0.581,20242025
863.1,0.553,20242025
863.2,0.542,20242025
863.3,0.56,20242025
863.4,0.557,20242025
863.5,0.554,20242025
863.6,0.556,20242025
863.7,0.564,20242025
863.8,0.562,20242025
863.9,0.548,20242025
864.0,0.563,20242025
864.1,0.562,20242025
864.2,0.558,20242025
864.3,0.562,20242025
864.4,0.565,20242025
864.5,0.573,20242025
864.6,0.579,20242025
864.7,0.568,20242025
864.8,0.558,20242025
864.9,0.557,20242025
865.0,0.548,20242025
865.1,0.548,20242025
865.2,0.549,20242025
865.3,0.562,20242025
865.4,0.556,20242025
865.5,0.551,20242025
865.6,0.55,20242025
865.7,0.535,20242025
865.8,0.552,20242025
865.9,0.542,20242025
866.0,0.527,20242025
866.1,0.52,20242025
866.2,0.512,20242025
866.3,0.525,20242025
866.4,0.537,20242025
866.5,0.532,20242025
866.6,0.526,20242025
866.7,0.517,20242025
866.8,0.544,20242025
866.9,0.566,20242025
867.0,0.582,20242025
867.1,0.589,20242025
867.2,0.596,20242025
867.3,0.586,20242025
867.4,0.57,20242025
867.5,0.57,20242025
867.6,0.562,20242025
867.7,0.555,20242025
867.8,0.572,20242025
867.9,0.585,20242025
868.0,0.575,20242025
868.1,0.578,20242025
868.2,0.567,20242025
868.3,0.57,20242025
868.4,0.562,20242025
868.5,0.555,20242025
868.6,0.544,20242025
868.7,0.553,20242025
868.8,0.561,20242025
868.9,0.564,20242025
869.0,0.57,20242025
869.1,0.574,20242025
869.2,0.572,20242025
869.3,0.581,20242025
869.4,0.59,20242025
869.5,0.595,20242025
869.6,0.606,20242025
869.7,0.597,20242025
869.8,0.591,20242025
869.9,0.588,20242025
870.0,0.574,20242025
870.1,0.587,20242025
870.2,0.591,20242025
870.3,0.583,20242025
870.4,0.58,20242025
870.5,0.582,20242025
870.6,0.569,20242025
870.7,0.568,20242025
870.8,0.572,20242025
870.9,0.577,20242025
871.0,0.592,20242025
871.1,0.565,20242025
871.2,0.566,20242025
871.3,0.579,20242025
871.4,0.564,20242025
871.5,0.545,20242025
871.6,0.547,20242025
871.7,0.556,20242025
871.8,0.547,20242025
871.9,0.541,20242025
872.0,0.528,20242025
872.1,0.559,20242025
872.2,0.562,20242025
872.3,0.557,20242025
872.4,0.55,20242025
872.5,0.562,20242025
872.6,0.576,20242025
872.7,0.571,20242025
872.8,0.568,20242025
872.9,0.559,20242025
873.0,0.541,20242025
873.1,0.545,20242025
873.2,0.537,20242025
873.3,0.529,20242025
873.4,0.525,20242025
873.5,0.545,20242025
873.6,0.541,20242025
873.7,0.555,20242025
873.8,0.569,20242025
873.9,0.552,20242025
874.0,0.562,20242025
874.1,0.561,20242025
874.2,0.561,20242025
874.3,0.54,20242025
874.4,0.554,20242025
874.5,0.554,20242025
874.6,0.557,20242025
874.7,0.548,20242025
874.8,0.557,20242025
874.9,0.546,20242025
875.0,0.554,20242025
875.1,0.56,20242025
875.2,0.555,20242025
875.3,0.553,20242025
875.4,0.56,20242025
875.5,0.576,20242025
875.6,0.589,20242025
875.7,0.586,20242025
875.8,0.575,20242025
875.9,0.567,20242025
876.0,0.569,20242025
876.1,0.566,20242025
876.2,0.567,20242025
876.3,0.585,20242025
876.4,0.59,20242025
876.5,0.591,20242025
876.6,0.591,20242025
876.7,0.586,20242025
876.8,0.577,20242025
876.9,0.567,20242025
877.0,0.565,20242025
877.1,0.563,20242025
877.2,0.567,20242025
877.3,0.563,20242025
877.4,0.573,20242025
877.5,0.588,20242025
877.6,0.594,20242025
877.7,0.579,20242025
877.8,0.566,20242025
877.9,0.566,20242025
878.0,0.562,20242025
878.1,0.561,20242025
878.2,0.576,20242025
878.3,0.576,20242025
878.4,0.579,20242025
878.5,0.574,20242025
878.6,0.571,20242025
878.7,0.563,20242025
878.8,0.559,20242025
878.9,0.555,20242025
879.0,0.571,20242025
879.1,0.582,20242025
879.2,0.576,20242025
879.3,0.583,20242025
879.4,0.585,20242025
879.5,0.593,20242025
879.6,0.589,20242025
879.7,0.599,20242025
879.8,0.582,20242025
879.9,0.572,20242025
880.0,0.57,20242025
880.1,0.584,20242025
880.2,0.592,20242025
880.3,0.584,20242025
880.4,0.586,20242025
880.5,0.599,20242025
880.6,0.585,20242025
880.7,0.598,20242025
880.8,0.595,20242025
880.9,0.608,20242025
881.0,0.603,20242025
881.1,0.596,20242025
881.2,0.568,20242025
881.3,0.561,20242025
881.4,0.57,20242025
881.5,0.581,20242025
881.6,0.577,20242025
881.7,0.574,20242025
881.8,0.583,20242025
881.9,0.568,20242025
882.0,0.568,20242025
882.1,0.563,20242025
882.2,0.582,20242025
882.3,0.561,20242025
882.4,0.571,20242025
882.5,0.562,20242025
882.6,0.552,20242025
882.7,0.538,20242025
882.8,0.566,20242025
882.9,0.557,20242025
883.0,0.568,20242025
883.1,0.572,20242025
883.2,0.563,20242025
883.3,0.582,20242025
883.4,0.577,20242025
883.5,0.581,20242025
883.6,0.574,20242025
883.7,0.567,20242025
883.8,0.568,20242025
883.9,0.572,20242025
884.0,0.587,20242025
884.1,0.573,20242025
884.2,0.606,20242025
884.3,0.617,20242025
884.4,0.621,20242025
884.5,0.613,20242025
884.6,0.593,20242025
884.7,0.587,20242025
884.8,0.595,20242025
884.9,0.6,20242025
885.0,0.582,20242025
885.1,0.599,20242025
885.2,0.602,20242025
885.3,0.585,20242025
885.4,0.587,20242025
885.5,0.598,20242025
885.6,0.607,20242025
885.7,0.614,20242025
885.8,0.629,20242025
885.9,0.626,20242025
886.0,0.625,20242025
886.1,0.619,20242025
886.2,0.593,20242025
886.3,0.607,20242025
886.4,0.605,20242025
886.5,0.578,20242025
886.6,0.58,20242025
886.7,0.589,20242025
886.8,0.593,20242025
886.9,0.592,20242025
887.0,0.598,20242025
887.1,0.595,20242025
887.2,0.598,20242025
887.3,0.603,20242025
887.4,0.605,20242025
887.5,0.58,20242025
887.6,0.572,20242025
887.7,0.575,20242025
887.8,0.553,20242025
887.9,0.56,20242025
888.0,0.555,20242025
888.1,0.56,20242025
888.2,0.55,20242025
888.3,0.572,20242025
888.4,0.557,20242025
888.5,0.557,20242025
888.6,0.534,20242025
888.7,0.551,20242025
888.8,0.552,20242025
888.9,0.553,20242025
889.0,0.56,20242025
889.1,0.555,20242025
889.2,0.566,20242025
889.3,0.557,20242025
889.4,0.565,20242025
889.5,0.56,20242025
889.6,0.545,20242025
889.7,0.545,20242025
889.8,0.559,20242025
889.9,0.562,20242025
890.0,0.561,20242025
890.1,0.564,20242025
890.2,0.544,20242025
890.3,0.545,20242025
890.4,0.562,20242025
890.5,0.583,20242025
890.6,0.585,20242025
890.7,0.57,20242025
890.8,0.573,20242025
890.9,0.565,20242025
891.0,0.572,20242025
891.1,0.586,20242025
891.2,0.591,20242025
891.3,0.595,20242025
891.4,0.59,20242025
891.5,0.593,20242025
891.6,0.599,20242025
891.7,0.594,20242025
891.8,0.568,20242025
891.9,0.566,20242025
892.0,0.58,20242025
892.1,0.586,20242025
892.2,0.588,20242025
892.3,0.571,20242025
892.4,0.57,20242025
892.5,0.571,20242025
892.6,0.586,20242025
892.7,0.571,20242025
892.8,0.566,20242025
892.9,0.568,20242025
893.0,0.559,20242025
893.1,0.56,20242025
893.2,0.561,20242025
893.3,0.564,20242025
893.4,0.558,20242025
893.5,0.572,20242025
893.6,0.566,20242025
893.7,0.577,20242025
893.8,0.577,20242025
893.9,0.569,20242025
894.0,0.563,20242025
894.1,0.563,20242025
894.2,0.547,20242025
894.3,0.558,20242025
894.4,0.568,20242025
894.5,0.56,20242025
894.6,0.578,20242025
894.7,0.595,20242025
894.8,0.588,20242025
894.9,0.574,20242025
895.0,0.594,20242025
895.1,0.587,20242025
895.2,0.585,20242025
895.3,0.589,20242025
895.4,0.59,20242025
895.5,0.587,20242025
895.6,0.601,20242025
895.7,0.617,20242025
895.8,0.607,20242025
895.9,0.617,20242025
896.0,0.61,20242025
896.1,0.61,20242025
896.2,0.612,20242025
896.3,0.625,20242025
896.4,0.608,20242025
896.5,0.6,20242025
896.6,0.593,20242025
896.7,0.579,20242025
896.8,0.555,20242025
896.9,0.572,20242025
897.0,0.572,20242025
897.1,0.565,20242025
897.2,0.558,20242025
897.3,0.531,20242025
897.4,0.549,20242025
897.5,0.525,20242025
897.6,0.528,20242025
897.7,0.518,20242025
897.8,0.525,20242025
897.9,0.517,20242025
898.0,0.523,20242025
898.1,0.524,20242025
898.2,0.52,20242025
898.3,0.522,20242025
898.4,0.528,20242025
898.5,0.548,20242025
898.6,0.534,20242025
898.7,0.549,20242025
898.8,0.533,20242025
898.9,0.518,20242025
899.0,0.513,20242025
899.1,0.512,20242025
899.2,0.519,20242025
899.3,0.533,20242025
899.4,0.527,20242025
899.5,0.54,20242025
899.6,0.556,20242025
899.7,0.549,20242025
899.8,0.541,20242025
899.9,0.525,20242025
900.0,0.531,20242025
900.1,0.524,20242025
900.2,0.542,20242025
900.3,0.554,20242025
900.4,0.554,20242025
900.5,0.557,20242025
900.6,0.567,20242025
900.7,0.567,20242025
900.8,0.568,20242025
900.9,0.571,20242025
901.0,0.571,20242025
901.1,0.582,20242025
901.2,0.59,20242025
901.3,0.581,20242025
901.4,0.563,20242025
901.5,0.569,20242025
901.6,0.564,20242025
901.7,0.575,20242025
901.8,0.591,20242025
901.9,0.591,20242025
902.0,0.601,20242025
902.1,0.607,20242025
902.2,0.589,20242025
902.3,0.596,20242025
902.4,0.605,20242025
902.5,0.588,20242025
902.6,0.598,20242025
902.7,0.577,20242025
902.8,0.552,20242025
902.9,0.55,20242025
903.0,0.536,20242025
903.1,0.538,20242025
903.2,0.555,20242025
903.3,0.542,20242025
903.4,0.541,20242025
903.5,0.549,20242025
903.6,0.544,20242025
903.7,0.54,20242025
903.8,0.546,20242025
903.9,0.542,20242025
904.0,0.567,20242025
904.1,0.577,20242025
904.2,0.568,20242025
904.3,0.56,20242025
904.4,0.564,20242025
904.5,0.566,20242025
904.6,0.572,20242025
904.7,0.569,20242025
904.8,0.582,20242025
904.9,0.585,20242025
905.0,0.583,20242025
905.1,0.574,20242025
905.2,0.57,20242025
905.3,0.56,20242025
905.4,0.571,20242025
905.5,0.559,20242025
905.6,0.572,20242025
905.7,0.572,20242025
905.8,0.562,20242025
905.9,0.566,20242025
906.0,0.578,20242025
906.1,0.586,20242025
906.2,0.579,20242025
906.3,0.585,20242025
906.4,0.577,20242025
906.5,0.573,20242025
906.6,0.577,20242025
906.7,0.575,20242025
906.8,0.572,20242025
906.9,0.576,20242025
907.0,0.588,20242025
907.1,0.582,20242025
907.2,0.583,20242025
907.3,0.581,20242025
907.4,0.591,20242025
907.5,0.594,20242025
907.6,0.589,20242025
907.7,0.61,20242025
907.8,0.607,20242025
907.9,0.595,20242025
908.0,0.591,20242025
908.1,0.588,20242025
908.2,0.593,20242025
908.3,0.572,20242025
908.4,0.588,20242025
908.5,0.563,20242025
908.6,0.567,20242025
908.7,0.583,20242025
908.8,0.595,20242025
908.9,0.589,20242025
909.0,0.594,20242025
909.1,0.583,20242025
909.2,0.591,20242025
909.3,0.591,20242025
909.4,0.584,20242025
909.5,0.569,20242025
909.6,0.558,20242025
909.7,0.592,20242025
909.8,0.585,20242025
909.9,0.588,20242025
910.0,0.569,20242025
910.1,0.585,20242025
910.2,0.595,20242025
910.3,0.591,20242025
910.4,0.57,20242025
910.5,0.573,20242025
910.6,0.566,20242025
910.7,0.568,20242025
910.8,0.555,20242025
910.9,0.563,20242025
911.0,0.575,20242025
911.1,0.583,20242025
911.2,0.588,20242025
911.3,0.597,20242025
911.4,0.595,20242025
911.5,0.599,20242025
911.6,0.578,20242025
911.7,0.58,20242025
911.8,0.564,20242025
911.9,0.559,20242025
912.0,0.563,20242025
912.1,0.565,20242025
912.2,0.557,20242025
912.3,0.555,20242025
912.4,0.555,20242025
912.5,0.564,20242025
912.6,0.576,20242025
912.7,0.586,20242025
912.8,0.566,20242025
912.9,0.57,20242025
913.0,0.582,20242025
913.1,0.572,20242025
913.2,0.577,20242025
913.3,0.566,20242025
913.4,0.581,20242025
913.5,0.576,20242025
913.6,0.584,20242025
913.7,0.573,20242025
913.8,0.581,20242025
913.9,0.581,20242025
914.0,0.578,20242025
914.1,0.567,20242025
914.2,0.578,20242025
914.3,0.586,20242025
914.4,0.586,20242025
914.5,0.586,20242025
914.6,0.571,20242025
914.7,0.573,20242025
914.8,0.575,20242025
914.9,0.577,20242025
915.0,0.569,20242025
915.1,0.562,20242025
915.2,0.558,20242025
915.3,0.576,20242025
915.4,0.583,20242025
915.5,0.571,20242025
915.6,0.583,20242025
915.7,0.575,20242025
915.8,0.565,20242025
915.9,0.552,20242025
916.0,0.57,20242025
916.1,0.581,20242025
916.2,0.583,20242025
916.3,0.588,20242025
916.4,0.587,20242025
916.5,0.58,20242025
916.6,0.568,20242025
916.7,0.588,20242025
916.8,0.58,20242025
916.9,0.602,20242025
917.0,0.594,20242025
917.1,0.615,20242025
917.2,0.617,20242025
917.3,0.607,20242025
917.4,0.612,20242025
917.5,0.609,20242025
917.6,0.576,20242025
917.7,0.585,20242025
917.8,0.579,20242025
917.9,0.57,20242025
918.0,0.567,20242025
918.1,0.57,20242025
918.2,0.564,20242025
918.3,0.569,20242025
918.4,0.556,20242025
918.5,0.56,20242025
918.6,0.57,20242025
918.7,0.56,20242025
918.8,0.54,20242025
918.9,0.533,20242025
919.0,0.54,20242025
919.1,0.542,20242025
919.2,0.536,20242025
919.3,0.535,20242025
919.4,0.539,20242025
919.5,0.531,20242025
919.6,0.542,20242025
919.7,0.569,20242025
919.8,0.553,20242025
919.9,0.55,20242025
920.0,0.559,20242025
920.1,0.55,20242025
920.2,0.559,20242025
920.3,0.565,20242025
920.4,0.563,20242025
920.5,0.57,20242025
920.6,0.574,20242025
920.7,0.572,20242025
920.8,0.569,20242025
920.9,0.581,20242025
921.0,0.6,20242025
921.1,0.593,20242025
921.2,0.592,20242025
921.3,0.586,20242025
921.4,0.586,20242025
921.5,0.593,20242025
921.6,0.575,20242025
921.7,0.582,20242025
921.8,0.584,20242025
921.9,0.58,20242025
922.0,0.575,20242025
922.1,0.569,20242025
922.2,0.584,20242025
922.3,0.584,20242025
922.4,0.58,20242025
922.5,0.58,20242025
922.6,0.586,20242025
922.7,0.585,20242025
922.8,0.593,20242025
922.9,0.598,20242025
923.0,0.605,20242025
923.1,0.591,20242025
923.2,0.585,20242025
923.3,0.577,20242025
923.4,0.587,20242025
923.5,0.578,20242025
923.6,0.593,20242025
923.7,0.604,20242025
923.8,0.601,20242025
923.9,0.581,20242025
924.0,0.57,20242025
924.1,0.58,20242025
924.2,0.597,20242025
924.3,0.566,20242025
924.4,0.565,20242025
924.5,0.566,20242025
924.6,0.563,20242025
924.7,0.562,20242025
924.8,0.573,20242025
924.9,0.579,20242025
925.0,0.558,20242025
925.1,0.555,20242025
925.2,0.55,20242025
925.3,0.545,20242025
925.4,0.565,20242025
925.5,0.585,20242025
925.6,0.58,20242025
925.7,0.578,20242025
925.8,0.579,20242025
925.9,0.569,20242025
926.0,0.567,20242025
926.1,0.564,20242025
926.2,0.578,20242025
926.3,0.584,20242025
926.4,0.583,20242025
926.5,0.583,20242025
926.6,0.569,20242025
926.7,0.562,20242025
926.8,0.548,20242025
926.9,0.555,20242025
927.0,0.575,20242025
927.1,0.593,20242025
927.2,0.59,20242025
927.3,0.611,20242025
927.4,0.608,20242025
927.5,0.621,20242025
927.6,0.609,20242025
927.7,0.591,20242025
927.8,0.588,20242025
927.9,0.617,20242025
928.0,0.601,20242025
928.1,0.603,20242025
928.2,0.588,20242025
928.3,0.58,20242025
928.4,0.586,20242025
928.5,0.586,20242025
928.6,0.606,20242025
928.7,0.623,20242025
928.8,0.611,20242025
928.9,0.605,20242025
929.0,0.595,20242025
929.1,0.598,20242025
929.2,0.593,20242025
929.3,0.607,20242025
929.4,0.586,20242025
929.5,0.577,20242025
929.6,0.588,20242025
929.7,0.589,20242025
929.8,0.603,20242025
929.9,0.596,20242025
930.0,0.596,20242025
930.1,0.585,20242025
930.2,0.554,20242025
930.3,0.568,20242025
930.4,0.574,20242025
930.5,0.578,20242025
930.6,0.586,20242025
930.7,0.583,20242025
930.8,0.583,20242025
930.9,0.591,20242025
931.0,0.613,20242025
931.1,0.603,20242025
931.2,0.586,20242025
931.3,0.582,20242025
931.4,0.571,20242025
931.5,0.572,20242025
931.6,0.575,20242025
931.7,0.571,20242025
931.8,0.566,20242025
931.9,0.551,20242025
932.0,0.563,20242025
932.1,0.588,20242025
932.2,0.584,20242025
932.3,0.58,20242025
932.4,0.578,20242025
932.5,0.569,20242025
932.6,0.557,20242025
932.7,0.573,20242025
932.8,0.575,20242025
932.9,0.576,20242025
933.0,0.575,20242025
933.1,0.556,20242025
933.2,0.547,20242025
933.3,0.558,20242025
933.4,0.564,20242025
933.5,0.571,20242025
933.6,0.568,20242025
933.7,0.557,20242025
933.8,0.575,20242025
933.9,0.566,20242025
934.0,0.566,20242025
934.1,0.555,20242025
934.2,0.555,20242025
934.3,0.565,20242025
934.4,0.555,20242025
934.5,0.548,20242025
934.6,0.548,20242025
934.7,0.548,20242025
934.8,0.545,20242025
934.9,0.554,20242025
935.0,0.569,20242025
935.1,0.557,20242025
935.2,0.553,20242025
935.3,0.54,20242025
935.4,0.538,20242025
935.5,0.559,20242025
935.6,0.545,20242025
935.7,0.542,20242025
935.8,0.545,20242025
935.9,0.54,20242025
936.0,0.565,20242025
936.1,0.576,20242025
936.2,0.57,20242025
936.3,0.553,20242025
936.4,0.556,20242025
936.5,0.562,20242025
936.6,0.57,20242025
936.7,0.579,20242025
936.8,0.576,20242025
936.9,0.586,20242025
937.0,0.585,20242025
937.1,0.576,20242025
937.2,0.561,20242025
937.3,0.569,20242025
937.4,0.562,20242025
937.5,0.547,20242025
937.6,0.567,20242025
937.7,0.563,20242025
937.8,0.571,20242025
937.9,0.589,20242025
938.0,0.606,20242025
938.1,0.598,20242025
938.2,0.564,20242025
938.3,0.575,20242025
938.4,0.595,20242025
938.5,0.597,20242025
938.6,0.585,20242025
938.7,0.574,20242025
938.8,0.569,20242025
938.9,0.581,20242025
939.0,0.576,20242025
939.1,0.59,20242025
939.2,0.58,20242025
939.3,0.575,20242025
939.4,0.564,20242025
939.5,0.586,20242025
939.6,0.587,20242025
939.7,0.577,20242025
939.8,0.58,20242025
939.9,0.579,20242025
940.0,0.565,20242025
940.1,0.554,20242025
940.2,0.554,20242025
940.3,0.544,20242025
940.4,0.545,20242025
940.5,0.539,20242025
940.6,0.557,20242025
940.7,0.543,20242025
940.8,0.546,20242025
940.9,0.546,20242025
941.0,0.554,20242025
941.1,0.547,20242025
941.2,0.539,20242025
941.3,0.561,20242025
941.4,0.565,20242025
941.5,0.567,20242025
941.6,0.584,20242025
941.7,0.572,20242025
941.8,0.564,20242025
941.9,0.574,20242025
942.0,0.577,20242025
942.1,0.565,20242025
942.2,0.575,20242025
942.3,0.574,20242025
942.4,0.549,20242025
942.5,0.545,20242025
942.6,0.556,20242025
942.7,0.565,20242025
942.8,0.543,20242025
942.9,0.526,20242025
943.0,0.531,20242025
943.1,0.528,20242025
943.2,0.54,20242025
943.3,0.538,20242025
943.4,0.545,20242025
943.5,0.55,20242025
943.6,0.546,20242025
943.7,0.551,20242025
943.8,0.554,20242025
943.9,0.535,20242025
944.0,0.532,20242025
944.1,0.531,20242025
944.2,0.519,20242025
944.3,0.534,20242025
944.4,0.541,20242025
944.5,0.541,20242025
944.6,0.556,20242025
944.7,0.545,20242025
944.8,0.541,20242025
944.9,0.543,20242025
945.0,0.538,20242025
945.1,0.542,20242025
945.2,0.562,20242025
945.3,0.571,20242025
945.4,0.582,20242025
945.5,0.585,20242025
945.6,0.587,20242025
945.7,0.599,20242025
945.8,0.597,20242025
945.9,0.604,20242025
946.0,0.613,20242025
946.1,0.616,20242025
946.2,0.613,20242025
946.3,0.581,20242025
946.4,0.576,20242025
946.5,0.592,20242025
946.6,0.581,20242025
946.7,0.587,20242025
946.8,0.592,20242025
946.9,0.581,20242025
947.0,0.585,20242025
947.1,0.599,20242025
947.2,0.589,20242025
947.3,0.576,20242025
947.4,0.593,20242025
947.5,0.593,20242025
947.6,0.585,20242025
947.7,0.581,20242025
947.8,0.584,20242025
947.9,0.559,20242025
948.0,0.561,20242025
948.1,0.566,20242025
948.2,0.557,20242025
948.3,0.546,20242025
948.4,0.556,20242025
948.5,0.54,20242025
948.6,0.563,20242025
948.7,0.558,20242025
948.8,0.542,20242025
948.9,0.552,20242025
949.0,0.549,20242025
949.1,0.564,20242025
949.2,0.555,20242025
949.3,0.555,20242025
949.4,0.556,20242025
949.5,0.572,20242025
949.6,0.579,20242025
949.7,0.565,20242025
949.8,0.549,20242025
949.9,0.558,20242025
950.0,0.578,20242025
950.1,0.583,20242025
950.2,0.59,20242025
950.3,0.602,20242025
950.4,0.584,20242025
950.5,0.592,20242025
950.6,0.61,20242025
950.7,0.6,20242025
950.8,0.593,20242025
950.9,0.599,20242025
951.0,0.604,20242025
951.1,0.584,20242025
951.2,0.586,20242025
951.3,0.58,20242025
951.4,0.569,20242025
951.5,0.576,20242025
951.6,0.582,20242025
951.7,0.589,20242025
951.8,0.599,20242025
951.9,0.594,20242025
952.0,0.601,20242025
952.1,0.602,20242025
952.2,0.583,20242025
952.3,0.578,20242025
952.4,0.592,20242025
952.5,0.584,20242025
952.6,0.586,20242025
952.7,0.604,20242025
952.8,0.59,20242025
952.9,0.594,20242025
953.0,0.597,20242025
953.1,0.59,20242025
953.2,0.584,20242025
953.3,0.593,20242025
953.4,0.601,20242025
953.5,0.588,20242025
953.6,0.587,20242025
953.7,0.583,20242025
953.8,0.593,20242025
953.9,0.577,20242025
954.0,0.559,20242025
954.1,0.547,20242025
954.2,0.549,20242025
954.3,0.547,20242025
954.4,0.553,20242025
954.5,0.543,20242025
954.6,0.533,20242025
954.7,0.521,20242025
954.8,0.526,20242025
954.9,0.537,20242025
955.0,0.526,20242025
955.1,0.529,20242025
955.2,0.54,20242025
955.3,0.54,20242025
955.4,0.544,20242025
955.5,0.535,20242025
955.6,0.523,20242025
955.7,0.529,20242025
955.8,0.524,20242025
955.9,0.513,20242025
956.0,0.519,20242025
956.1,0.533,20242025
956.2,0.545,20242025
956.3,0.555,20242025
956.4,0.569,20242025
956.5,0.602,20242025
956.6,0.609,20242025
956.7,0.592,20242025
956.8,0.594,20242025
956.9,0.612,20242025
957.0,0.6,20242025
957.1,0.599,20242025
957.2,0.59,20242025
957.3,0.583,20242025
957.4,0.588,20242025
957.5,0.585,20242025
957.6,0.574,20242025
957.7,0.566,20242025
957.8,0.572,20242025
957.9,0.581,20242025
958.0,0.571,20242025
958.1,0.569,20242025
958.2,0.563,20242025
958.3,0.567,20242025
958.4,0.578,20242025
958.5,0.594,20242025
958.6,0.586,20242025
958.7,0.588,20242025
958.8,0.606,20242025
958.9,0.607,20242025
959.0,0.609,20242025
959.1,0.598,20242025
959.2,0.592,20242025
959.3,0.568,20242025
959.4,0.573,20242025
959.5,0.563,20242025
959.6,0.562,20242025
959.7,0.569,20242025
959.8,0.582,20242025
959.9,0.563,20242025
960.0,0.559,20242025
960.1,0.568,20242025
960.2,0.561,20242025
960.3,0.579,20242025
960.4,0.58,20242025
960.5,0.58,20242025
960.6,0.577,20242025
960.7,0.557,20242025
960.8,0.581,20242025
960.9,0.565,20242025
961.0,0.57,20242025
961.1,0.556,20242025
961.2,0.561,20242025
961.3,0.581,20242025
961.4,0.588,20242025
961.5,0.585,20242025
961.6,0.597,20242025
961.7,0.59,20242025
961.8,0.575,20242025
961.9,0.572,20242025
962.0,0.577,20242025
962.1,0.566,20242025
962.2,0.566,20242025
962.3,0.572,20242025
962.4,0.563,20242025
962.5,0.559,20242025
962.6,0.557,20242025
962.7,0.547,20242025
962.8,0.576,20242025
962.9,0.572,20242025
963.0,0.583,20242025
963.1,0.589,20242025
963.2,0.594,20242025
963.3,0.593,20242025
963.4,0.592,20242025
963.5,0.603,20242025
963.6,0.599,20242025
963.7,0.583,20242025
963.8,0.59,20242025
963.9,0.6,20242025
964.0,0.612,20242025
964.1,0.615,20242025
964.2,0.596,20242025
964.3,0.598,20242025
964.4,0.595,20242025
964.5,0.591,20242025
964.6,0.56,20242025
964.7,0.569,20242025
964.8,0.574,20242025
964.9,0.569,20242025
965.0,0.564,20242025
965.1,0.564,20242025
965.2,0.568,20242025
965.3,0.562,20242025
965.4,0.57,20242025
965.5,0.581,20242025
965.6,0.601,20242025
965.7,0.587,20242025
965.8,0.576,20242025
965.9,0.58,20242025
966.0,0.586,20242025
966.1,0.591,20242025
966.2,0.585,20242025
966.3,0.588,20242025
966.4,0.585,20242025
966.5,0.594,20242025
966.6,0.611,20242025
966.7,0.622,20242025
966.8,0.602,20242025
966.9,0.594,20242025
967.0,0.591,20242025
967.1,0.574,20242025
967.2,0.575,20242025
967.3,0.555,20242025
967.4,0.563,20242025
967.5,0.565,20242025
967.6,0.56,20242025
967.7,0.548,20242025
967.8,0.546,20242025
967.9,0.535,20242025
968.0,0.531,20242025
968.1,0.539,20242025
968.2,0.554,20242025
968.3,0.558,20242025
968.4,0.548,20242025
968.5,0.561,20242025
968.6,0.574,20242025
968.7,0.579,20242025
968.8,0.578,20242025
968.9,0.585,20242025
969.0,0.584,20242025
969.1,0.578,20242025
969.2,0.561,20242025
969.3,0.542,20242025
969.4,0.545,20242025
969.5,0.551,20242025
969.6,0.549,20242025
969.7,0.554,20242025
969.8,0.551,20242025
969.9,0.56,20242025
970.0,0.539,20242025
970.1,0.533,20242025
970.2,0.532,20242025
970.3,0.522,20242025
970.4,0.534,20242025
970.5,0.556,20242025
970.6,0.58,20242025
970.7,0.577,20242025
970.8,0.567,20242025
970.9,0.568,20242025
971.0,0.578,20242025
971.1,0.564,20242025
971.2,0.554,20242025
971.3,0.561,20242025
971.4,0.563,20242025
971.5,0.567,20242025
971.6,0.561,20242025
971.7,0.546,20242025
971.8,0.547,20242025
971.9,0.556,20242025
972.0,0.557,20242025
972.1,0.564,20242025
972.2,0.551,20242025
972.3,0.551,20242025
972.4,0.548,20242025
972.5,0.561,20242025
972.6,0.553,20242025
972.7,0.54,20242025
972.8,0.554,20242025
972.9,0.549,20242025
973.0,0.532,20242025
973.1,0.542,20242025
973.2,0.521,20242025
973.3,0.542,20242025
973.4,0.551,20242025
973.5,0.56,20242025
973.6,0.563,20242025
973.7,0.573,20242025
973.8,0.568,20242025
973.9,0.558,20242025
974.0,0.575,20242025
974.1,0.583,20242025
974.2,0.576,20242025
974.3,0.576,20242025
974.4,0.58,20242025
974.5,0.573,20242025
974.6,0.583,20242025
974.7,0.569,20242025
974.8,0.576,20242025
974.9,0.579,20242025
975.0,0.571,20242025
975.1,0.585,20242025
975.2,0.576,20242025
975.3,0.572,20242025
975.4,0.594,20242025
975.5,0.576,20242025
975.6,0.584,20242025
975.7,0.602,20242025
975.8,0.608,20242025
975.9,0.591,20242025
976.0,0.599,20242025
976.1,0.618,20242025
976.2,0.604,20242025
976.3,0.602,20242025
976.4,0.595,20242025
976.5,0.609,20242025
976.6,0.617,20242025
976.7,0.612,20242025
976.8,0.597,20242025
976.9,0.607,20242025
977.0,0.61,20242025
977.1,0.601,20242025
977.2,0.608,20242025
977.3,0.591,20242025
977.4,0.586,20242025
977.5,0.586,20242025
977.6,0.584,20242025
977.7,0.582,20242025
977.8,0.586,20242025
977.9,0.574,20242025
978.0,0.593,20242025
978.1,0.593,20242025
978.2,0.596,20242025
978.3,0.594,20242025
978.4,0.573,20242025
978.5,0.575,20242025
978.6,0.581,20242025
978.7,0.574,20242025
978.8,0.545,20242025
978.9,0.546,20242025
979.0,0.556,20242025
979.1,0.56,20242025
979.2,0.552,20242025
979.3,0.543,20242025
979.4,0.558,20242025
979.5,0.54,20242025
979.6,0.546,20242025
979.7,0.561,20242025
979.8,0.563,20242025
979.9,0.564,20242025
980.0,0.585,20242025
980.1,0.572,20242025
980.2,0.581,20242025
980.3,0.594,20242025
980.4,0.596,20242025
980.5,0.602,20242025
980.6,0.595,20242025
980.7,0.605,20242025
980.8,0.594,20242025
980.9,0.572,20242025
981.0,0.563,20242025
981.1,0.574,20242025
981.2,0.574,20242025
981.3,0.581,20242025
981.4,0.58,20242025
981.5,0.581,20242025
981.6,0.572,20242025
981.7,0.555,20242025
981.8,0.558,20242025
981.9,0.564,20242025
982.0,0.547,20242025
982.1,0.55,20242025
982.2,0.553,20242025
982.3,0.55,20242025
982.4,0.551,20242025
982.5,0.563,20242025
982.6,0.553,20242025
982.7,0.526,20242025
982.8,0.518,20242025
982.9,0.527,20242025
983.0,0.54,20242025
983.1,0.556,20242025
983.2,0.553,20242025
983.3,0.556,20242025
983.4,0.561,20242025
983.5,0.558,20242025
983.6,0.566,20242025
983.7,0.57,20242025
983.8,0.578,20242025
983.9,0.571,20242025
984.0,0.571,20242025
984.1,0.591,20242025
984.2,0.582,20242025
984.3,0.591,20242025
984.4,0.592,20242025
984.5,0.599,20242025
984.6,0.603,20242025
984.7,0.582,20242025
984.8,0.569,20242025
984.9,0.58,20242025
985.0,0.552,20242025
985.1,0.549,20242025
985.2,0.555,20242025
985.3,0.568,20242025
985.4,0.564,20242025
985.5,0.556,20242025
985.6,0.55,20242025
985.7,0.545,20242025
985.8,0.548,20242025
985.9,0.565,20242025
986.0,0.563,20242025
986.1,0.549,20242025
986.2,0.548,20242025
986.3,0.572,20242025
986.4,0.581,20242025
986.5,0.595,20242025
986.6,0.601,20242025
986.7,0.586,20242025
986.8,0.581,20242025
986.9,0.576,20242025
987.0,0.573,20242025
987.1,0.582,20242025
987.2,0.58,20242025
987.3,0.583,20242025
987.4,0.569,20242025
987.5,0.579,20242025
987.6,0.579,20242025
987.7,0.582,20242025
987.8,0.574,20242025
987.9,0.572,20242025
988.0,0.575,20242025
988.1,0.588,20242025
988.2,0.574,20242025
988.3,0.564,20242025
988.4,0.563,20242025
988.5,0.563,20242025
988.6,0.564,20242025
988.7,0.556,20242025
988.8,0.561,20242025
988.9,0.577,20242025
989.0,0.575,20242025
989.1,0.575,20242025
989.2,0.583,20242025
989.3,0.576,20242025
989.4,0.575,20242025
989.5,0.577,20242025
989.6,0.576,20242025
989.7,0.58,20242025
989.8,0.586,20242025
989.9,0.575,20242025
990.0,0.561,20242025
990.1,0.564,20242025
990.2,0.563,20242025
990.3,0.552,20242025
990.4,0.558,20242025
990.5,0.561,20242025
990.6,0.531,20242025
990.7,0.54,20242025
990.8,0.556,20242025
990.9,0.567,20242025
991.0,0.552,20242025
991.1,0.56,20242025
991.2,0.567,20242025
991.3,0.566,20242025
991.4,0.556,20242025
991.5,0.542,20242025
991.6,0.551,20242025
991.7,0.551,20242025
991.8,0.546,20242025
991.9,0.554,20242025
992.0,0.556,20242025
992.1,0.555,20242025
992.2,0.542,20242025
992.3,0.547,20242025
992.4,0.537,20242025
992.5,0.534,20242025
992.6,0.541,20242025
992.7,0.55,20242025
992.8,0.549,20242025
992.9,0.559,20242025
993.0,0.565,20242025
993.1,0.562,20242025
993.2,0.564,20242025
993.3,0.578,20242025
993.4,0.599,20242025
993.5,0.581,20242025
993.6,0.575,20242025
993.7,0.58,20242025
993.8,0.57,20242025
993.9,0.576,20242025
994.0,0.583,20242025
994.1,0.597,20242025
994.2,0.605,20242025
994.3,0.61,20242025
994.4,0.596,20242025
994.5,0.581,20242025
994.6,0.582,20242025
994.7,0.596,20242025
994.8,0.585,20242025
994.9,0.584,20242025
995.0,0.591,20242025
995.1,0.595,20242025
995.2,0.577,20242025
995.3,0.57,20242025
995.4,0.555,20242025
995.5,0.546,20242025
995.6,0.552,20242025
995.7,0.558,20242025
995.8,0.565,20242025
995.9,0.576,20242025
996.0,0.574,20242025
996.1,0.57,20242025
996.2,0.554,20242025
996.3,0.554,20242025
996.4,0.565,20242025
996.5,0.577,20242025
996.6,0.6,20242025
996.7,0.581,20242025
996.8,0.586,20242025
996.9,0.59,20242025
997.0,0.599,20242025
997.1,0.6,20242025
997.2,0.597,20242025
997.3,0.584,20242025
997.4,0.598,20242025
997.5,0.599,20242025
997.6,0.587,20242025
997.7,0.572,20242025
997.8,0.553,20242025
997.9,0.553,20242025
998.0,0.552,20242025
998.1,0.556,20242025
998.2,0.552,20242025
998.3,0.546,20242025
998.4,0.529,20242025
998.5,0.546,20242025
998.6,0.545,20242025
998.7,0.541,20242025
998.8,0.558,20242025
998.9,0.572,20242025
999.0,0.571,20242025
999.1,0.568,20242025
999.2,0.566,20242025
999.3,0.557,20242025
999.4,0.565,20242025
999.5,0.568,20242025
999.6,0.583,20242025
999.7,0.57,20242025
999.8,0.574,20242025
999.9,0.578,20242025
